[0m15:54:30.077672 [debug] [MainThread]: Sending event: {'category': 'dbt', 'action': 'invocation', 'label': 'start', 'context': [<snowplow_tracker.self_describing_json.SelfDescribingJson object at 0xffffb36be050>, <snowplow_tracker.self_describing_json.SelfDescribingJson object at 0xffffb36c3a90>, <snowplow_tracker.self_describing_json.SelfDescribingJson object at 0xffffb382c910>]}


============================== 15:54:30.081798 | d20b0564-dbf7-4fd3-bdb2-8cacf66e83de ==============================
[0m15:54:30.081798 [info ] [MainThread]: Running with dbt=1.12.0-b3
[0m15:54:30.082430 [debug] [MainThread]: running dbt with arguments {'indirect_selection': 'eager', 'log_cache_events': 'False', 'partial_parse': 'True', 'log_path': '/dbt/logs', 'cache_selected_only': 'False', 'debug': 'False', 'fail_fast': 'False', 'log_format': 'default', 'invocation_command': 'dbt run', 'maximum_seed_size_mib': '1', 'no_print': 'None', 'use_colors': 'True', 'use_experimental_parser': 'False', 'send_anonymous_usage_stats': 'True', 'static_parser': 'True', 'warn_error': 'None', 'quiet': 'False', 'printer_width': '80', 'version_check': 'True', 'profiles_dir': '/dbt', 'target_path': 'None', 'introspect': 'True', 'warn_error_options': 'WarnErrorOptionsV2(error=[], warn=[], silence=[])', 'write_json': 'True', 'empty': 'False'}
[0m15:54:30.159842 [debug] [MainThread]: Sending event: {'category': 'dbt', 'action': 'project_id', 'label': 'd20b0564-dbf7-4fd3-bdb2-8cacf66e83de', 'context': [<snowplow_tracker.self_describing_json.SelfDescribingJson object at 0xffffb3735190>]}
[0m15:54:30.184402 [debug] [MainThread]: Sending event: {'category': 'dbt', 'action': 'adapter_info', 'label': 'd20b0564-dbf7-4fd3-bdb2-8cacf66e83de', 'context': [<snowplow_tracker.self_describing_json.SelfDescribingJson object at 0xffffb6f09ad0>]}
[0m15:54:30.185162 [info ] [MainThread]: Registered adapter: postgres=1.10.2
[0m15:54:30.215848 [debug] [MainThread]: checksum: a94b3de0c1a0b393f6f0937846b756c18b9ea7b042fa755d81c5a69b1742e270, vars: {}, profile: taxi_dwh, target: dev, version: 1.12.0b3
[0m15:54:30.216415 [info ] [MainThread]: Unable to do partial parsing because saved manifest not found. Starting full parse.
[0m15:54:30.216664 [debug] [MainThread]: Sending event: {'category': 'dbt', 'action': 'partial_parser', 'label': 'd20b0564-dbf7-4fd3-bdb2-8cacf66e83de', 'context': [<snowplow_tracker.self_describing_json.SelfDescribingJson object at 0xffffb361a850>]}
[0m15:54:30.676410 [debug] [MainThread]: Sending event: {'category': 'dbt', 'action': 'load_project', 'label': 'd20b0564-dbf7-4fd3-bdb2-8cacf66e83de', 'context': [<snowplow_tracker.self_describing_json.SelfDescribingJson object at 0xffffb1f0b5d0>]}
[0m15:54:30.713383 [debug] [MainThread]: Wrote artifact WritableManifest to /dbt/target/manifest.json
[0m15:54:30.715309 [debug] [MainThread]: Wrote artifact SemanticManifest to /dbt/target/semantic_manifest.json
[0m15:54:30.721421 [debug] [MainThread]: Wrote artifact OsiDocument to /dbt/target/osi_document.json
[0m15:54:30.729229 [debug] [MainThread]: Sending event: {'category': 'dbt', 'action': 'resource_counts', 'label': 'd20b0564-dbf7-4fd3-bdb2-8cacf66e83de', 'context': [<snowplow_tracker.self_describing_json.SelfDescribingJson object at 0xffffb1fe1e90>]}
[0m15:54:30.729508 [info ] [MainThread]: Found 6 models, 475 macros
[0m15:54:30.729741 [debug] [MainThread]: Sending event: {'category': 'dbt', 'action': 'runnable_timing', 'label': 'd20b0564-dbf7-4fd3-bdb2-8cacf66e83de', 'context': [<snowplow_tracker.self_describing_json.SelfDescribingJson object at 0xffffb1f4e0d0>]}
[0m15:54:30.730727 [info ] [MainThread]: 
[0m15:54:30.730984 [info ] [MainThread]: Concurrency: 1 threads (target='dev')
[0m15:54:30.731139 [info ] [MainThread]: 
[0m15:54:30.731483 [debug] [MainThread]: Acquiring new postgres connection 'master'
[0m15:54:30.733419 [debug] [ThreadPool]: Acquiring new postgres connection 'list_taxi_db'
[0m15:54:30.749312 [debug] [ThreadPool]: Using postgres connection "list_taxi_db"
[0m15:54:30.749591 [debug] [ThreadPool]: On list_taxi_db: /* {"app": "dbt", "dbt_version": "1.12.0b3", "profile_name": "taxi_dwh", "target_name": "dev", "connection_name": "list_taxi_db"} */

    select distinct nspname from pg_namespace
  
[0m15:54:30.749836 [debug] [ThreadPool]: Opening a new connection, currently in state init
[0m15:54:30.757929 [debug] [ThreadPool]: SQL status: SELECT 5 in 0.008 seconds
[0m15:54:30.758563 [debug] [ThreadPool]: On list_taxi_db: Close
[0m15:54:30.758992 [debug] [ThreadPool]: Re-using an available connection from the pool (formerly list_taxi_db, now create_taxi_db_dwh_dwh)
[0m15:54:30.759306 [debug] [ThreadPool]: Creating schema "database: "taxi_db"
schema: "dwh_dwh"
"
[0m15:54:30.761824 [debug] [ThreadPool]: Using postgres connection "create_taxi_db_dwh_dwh"
[0m15:54:30.762033 [debug] [ThreadPool]: On create_taxi_db_dwh_dwh: /* {"app": "dbt", "dbt_version": "1.12.0b3", "profile_name": "taxi_dwh", "target_name": "dev", "connection_name": "create_taxi_db_dwh_dwh"} */
create schema if not exists "dwh_dwh"
[0m15:54:30.762213 [debug] [ThreadPool]: Opening a new connection, currently in state closed
[0m15:54:30.766155 [debug] [ThreadPool]: SQL status: CREATE SCHEMA in 0.004 seconds
[0m15:54:30.766590 [debug] [ThreadPool]: On create_taxi_db_dwh_dwh: COMMIT
[0m15:54:30.766780 [debug] [ThreadPool]: Using postgres connection "create_taxi_db_dwh_dwh"
[0m15:54:30.766958 [debug] [ThreadPool]: On create_taxi_db_dwh_dwh: COMMIT
[0m15:54:30.767416 [debug] [ThreadPool]: SQL status: COMMIT in 0.000 seconds
[0m15:54:30.767606 [debug] [ThreadPool]: On create_taxi_db_dwh_dwh: Close
[0m15:54:30.768415 [debug] [ThreadPool]: Re-using an available connection from the pool (formerly create_taxi_db_dwh_dwh, now list_taxi_db_dwh_dwh)
[0m15:54:30.772554 [debug] [ThreadPool]: Using postgres connection "list_taxi_db_dwh_dwh"
[0m15:54:30.772893 [debug] [ThreadPool]: On list_taxi_db_dwh_dwh: /* {"app": "dbt", "dbt_version": "1.12.0b3", "profile_name": "taxi_dwh", "target_name": "dev", "connection_name": "list_taxi_db_dwh_dwh"} */
select
      'taxi_db' as database,
      tablename as name,
      schemaname as schema,
      'table' as type
    from pg_tables
    where schemaname ilike 'dwh_dwh'
    union all
    select
      'taxi_db' as database,
      viewname as name,
      schemaname as schema,
      'view' as type
    from pg_views
    where schemaname ilike 'dwh_dwh'
    union all
    select
      'taxi_db' as database,
      matviewname as name,
      schemaname as schema,
      'materialized_view' as type
    from pg_matviews
    where schemaname ilike 'dwh_dwh'
  
[0m15:54:30.773084 [debug] [ThreadPool]: Opening a new connection, currently in state closed
[0m15:54:30.779715 [debug] [ThreadPool]: SQL status: SELECT 0 in 0.007 seconds
[0m15:54:30.780444 [debug] [ThreadPool]: On list_taxi_db_dwh_dwh: ROLLBACK
[0m15:54:30.780712 [debug] [ThreadPool]: On list_taxi_db_dwh_dwh: Close
[0m15:54:30.785426 [debug] [MainThread]: Using postgres connection "master"
[0m15:54:30.786040 [debug] [MainThread]: On master: /* {"app": "dbt", "dbt_version": "1.12.0b3", "profile_name": "taxi_dwh", "target_name": "dev", "connection_name": "master"} */
select distinct
        dependent_namespace.nspname as dependent_schema,
        dependent_class.relname as dependent_name,
        referenced_namespace.nspname as referenced_schema,
        referenced_class.relname as referenced_name

    -- Query for views: views are entries in pg_class with an entry in pg_rewrite, but we avoid
    -- a seq scan on pg_rewrite by leveraging the fact there is an "internal" row in pg_depend for
    -- the view...
    from pg_class as dependent_class
    join pg_namespace as dependent_namespace on dependent_namespace.oid = dependent_class.relnamespace
    join pg_depend as dependent_depend on dependent_depend.refobjid = dependent_class.oid
        and dependent_depend.classid = 'pg_rewrite'::regclass
        and dependent_depend.refclassid = 'pg_class'::regclass
        and dependent_depend.deptype = 'i'

    -- ... and via pg_depend (that has a row per column, hence the need for "distinct" above, and
    -- making sure to exclude the internal row to avoid a view appearing to depend on itself)...
    join pg_depend as joining_depend on joining_depend.objid = dependent_depend.objid
        and joining_depend.classid = 'pg_rewrite'::regclass
        and joining_depend.refclassid = 'pg_class'::regclass
        and joining_depend.refobjid != dependent_depend.refobjid

    -- ... we can find the tables they query from in pg_class, but excluding system tables. Note we
    -- don't need need to exclude _dependent_ system tables, because they only query from other
    -- system tables, and so are automatically excluded by excluding _referenced_ system tables
    join pg_class as referenced_class on referenced_class.oid = joining_depend.refobjid
    join pg_namespace as referenced_namespace on referenced_namespace.oid = referenced_class.relnamespace
        and referenced_namespace.nspname != 'information_schema'
        and referenced_namespace.nspname not like 'pg\_%'

    order by
        dependent_schema, dependent_name, referenced_schema, referenced_name;
[0m15:54:30.786333 [debug] [MainThread]: Opening a new connection, currently in state init
[0m15:54:30.792168 [debug] [MainThread]: SQL status: SELECT 0 in 0.006 seconds
[0m15:54:30.792822 [debug] [MainThread]: Sending event: {'category': 'dbt', 'action': 'runnable_timing', 'label': 'd20b0564-dbf7-4fd3-bdb2-8cacf66e83de', 'context': [<snowplow_tracker.self_describing_json.SelfDescribingJson object at 0xffffb1e94f50>]}
[0m15:54:30.793066 [debug] [MainThread]: On master: ROLLBACK
[0m15:54:30.793237 [debug] [MainThread]: On master: COMMIT
[0m15:54:30.793364 [debug] [MainThread]: Using postgres connection "master"
[0m15:54:30.793508 [debug] [MainThread]: On master: COMMIT
[0m15:54:30.793731 [debug] [MainThread]: SQL status: COMMIT in 0.000 seconds
[0m15:54:30.793876 [debug] [MainThread]: On master: Close
[0m15:54:30.797726 [debug] [Thread-1 (]: Began running node model.taxi_dwh.dim_date
[0m15:54:30.798058 [info ] [Thread-1 (]: 1 of 6 START sql table model dwh_dwh.dim_date .................................. [RUN]
[0m15:54:30.798493 [debug] [Thread-1 (]: Re-using an available connection from the pool (formerly list_taxi_db_dwh_dwh, now model.taxi_dwh.dim_date)
[0m15:54:30.798732 [debug] [Thread-1 (]: Began compiling node model.taxi_dwh.dim_date
[0m15:54:30.801933 [debug] [Thread-1 (]: Writing injected SQL for node "model.taxi_dwh.dim_date"
[0m15:54:30.803315 [debug] [Thread-1 (]: Began executing node model.taxi_dwh.dim_date
[0m15:54:30.819686 [debug] [Thread-1 (]: Writing runtime sql for node "model.taxi_dwh.dim_date"
[0m15:54:30.820812 [debug] [Thread-1 (]: Using postgres connection "model.taxi_dwh.dim_date"
[0m15:54:30.821024 [debug] [Thread-1 (]: On model.taxi_dwh.dim_date: /* {"app": "dbt", "dbt_version": "1.12.0b3", "profile_name": "taxi_dwh", "target_name": "dev", "node_id": "model.taxi_dwh.dim_date"} */

  
    

  create  table "taxi_db"."dwh_dwh"."dim_date__dbt_tmp"
  
  
    as
  
  (
    with source as (
    select distinct
        date_trunc('hour', tpep_pickup_datetime) as full_date
    from staging.yellow_trips
)

select
    row_number() over (order by full_date) as date_id,
    full_date,
    extract(year from full_date)::integer as year,
    extract(month from full_date)::integer as month,
    to_char(full_date, 'Month') as month_name,
    extract(day from full_date)::integer as day,
    extract(dow from full_date)::integer as day_of_week,
    to_char(full_date, 'Day') as day_name,
    extract(hour from full_date)::integer as hour,
    case when extract(dow from full_date) in (0, 6) then true else false end as is_weekend
from source
  );
  
[0m15:54:30.821201 [debug] [Thread-1 (]: Opening a new connection, currently in state closed
[0m15:54:30.851588 [debug] [Thread-1 (]: SQL status: SELECT 40 in 0.030 seconds
[0m15:54:30.855871 [debug] [Thread-1 (]: Using postgres connection "model.taxi_dwh.dim_date"
[0m15:54:30.856059 [debug] [Thread-1 (]: On model.taxi_dwh.dim_date: /* {"app": "dbt", "dbt_version": "1.12.0b3", "profile_name": "taxi_dwh", "target_name": "dev", "node_id": "model.taxi_dwh.dim_date"} */
alter table "taxi_db"."dwh_dwh"."dim_date__dbt_tmp" rename to "dim_date"
[0m15:54:30.856434 [debug] [Thread-1 (]: SQL status: ALTER TABLE in 0.000 seconds
[0m15:54:30.862795 [debug] [Thread-1 (]: On model.taxi_dwh.dim_date: COMMIT
[0m15:54:30.862988 [debug] [Thread-1 (]: Using postgres connection "model.taxi_dwh.dim_date"
[0m15:54:30.863162 [debug] [Thread-1 (]: On model.taxi_dwh.dim_date: COMMIT
[0m15:54:30.863602 [debug] [Thread-1 (]: SQL status: COMMIT in 0.000 seconds
[0m15:54:30.865950 [debug] [Thread-1 (]: Applying DROP to: "taxi_db"."dwh_dwh"."dim_date__dbt_backup"
[0m15:54:30.867829 [debug] [Thread-1 (]: Using postgres connection "model.taxi_dwh.dim_date"
[0m15:54:30.867987 [debug] [Thread-1 (]: On model.taxi_dwh.dim_date: /* {"app": "dbt", "dbt_version": "1.12.0b3", "profile_name": "taxi_dwh", "target_name": "dev", "node_id": "model.taxi_dwh.dim_date"} */
drop table if exists "taxi_db"."dwh_dwh"."dim_date__dbt_backup" cascade
[0m15:54:30.868266 [debug] [Thread-1 (]: SQL status: DROP TABLE in 0.000 seconds
[0m15:54:30.869342 [debug] [Thread-1 (]: On model.taxi_dwh.dim_date: Close
[0m15:54:30.870076 [debug] [Thread-1 (]: Sending event: {'category': 'dbt', 'action': 'run_model', 'label': 'd20b0564-dbf7-4fd3-bdb2-8cacf66e83de', 'context': [<snowplow_tracker.self_describing_json.SelfDescribingJson object at 0xffffb0faeb50>]}
[0m15:54:30.870377 [info ] [Thread-1 (]: 1 of 6 OK created sql table model dwh_dwh.dim_date ............................. [[32mSELECT 40[0m in 0.07s]
[0m15:54:30.870689 [debug] [Thread-1 (]: Finished running node model.taxi_dwh.dim_date
[0m15:54:30.870917 [debug] [Thread-1 (]: Began running node model.taxi_dwh.dim_payment
[0m15:54:30.871162 [info ] [Thread-1 (]: 2 of 6 START sql table model dwh_dwh.dim_payment ............................... [RUN]
[0m15:54:30.871390 [debug] [Thread-1 (]: Re-using an available connection from the pool (formerly model.taxi_dwh.dim_date, now model.taxi_dwh.dim_payment)
[0m15:54:30.871571 [debug] [Thread-1 (]: Began compiling node model.taxi_dwh.dim_payment
[0m15:54:30.872528 [debug] [Thread-1 (]: Writing injected SQL for node "model.taxi_dwh.dim_payment"
[0m15:54:30.873114 [debug] [Thread-1 (]: Began executing node model.taxi_dwh.dim_payment
[0m15:54:30.874455 [debug] [Thread-1 (]: Writing runtime sql for node "model.taxi_dwh.dim_payment"
[0m15:54:30.874959 [debug] [Thread-1 (]: Using postgres connection "model.taxi_dwh.dim_payment"
[0m15:54:30.875128 [debug] [Thread-1 (]: On model.taxi_dwh.dim_payment: /* {"app": "dbt", "dbt_version": "1.12.0b3", "profile_name": "taxi_dwh", "target_name": "dev", "node_id": "model.taxi_dwh.dim_payment"} */

  
    

  create  table "taxi_db"."dwh_dwh"."dim_payment__dbt_tmp"
  
  
    as
  
  (
    with source as (
    select distinct
        payment_type as payment_id
    from staging.yellow_trips
)

select
    payment_id,
    case payment_id
        when 1 then 'Credit card'
        when 2 then 'Cash'
        when 3 then 'No charge'
        when 4 then 'Dispute'
        when 5 then 'Unknown'
        when 6 then 'Voided trip'
        else 'Unknown'
    end as payment_name
from source
  );
  
[0m15:54:30.875277 [debug] [Thread-1 (]: Opening a new connection, currently in state closed
[0m15:54:30.891060 [debug] [Thread-1 (]: SQL status: SELECT 4 in 0.016 seconds
[0m15:54:30.893428 [debug] [Thread-1 (]: Using postgres connection "model.taxi_dwh.dim_payment"
[0m15:54:30.893598 [debug] [Thread-1 (]: On model.taxi_dwh.dim_payment: /* {"app": "dbt", "dbt_version": "1.12.0b3", "profile_name": "taxi_dwh", "target_name": "dev", "node_id": "model.taxi_dwh.dim_payment"} */
alter table "taxi_db"."dwh_dwh"."dim_payment__dbt_tmp" rename to "dim_payment"
[0m15:54:30.893875 [debug] [Thread-1 (]: SQL status: ALTER TABLE in 0.000 seconds
[0m15:54:30.894361 [debug] [Thread-1 (]: On model.taxi_dwh.dim_payment: COMMIT
[0m15:54:30.894513 [debug] [Thread-1 (]: Using postgres connection "model.taxi_dwh.dim_payment"
[0m15:54:30.894674 [debug] [Thread-1 (]: On model.taxi_dwh.dim_payment: COMMIT
[0m15:54:30.895067 [debug] [Thread-1 (]: SQL status: COMMIT in 0.000 seconds
[0m15:54:30.896006 [debug] [Thread-1 (]: Applying DROP to: "taxi_db"."dwh_dwh"."dim_payment__dbt_backup"
[0m15:54:30.896243 [debug] [Thread-1 (]: Using postgres connection "model.taxi_dwh.dim_payment"
[0m15:54:30.896402 [debug] [Thread-1 (]: On model.taxi_dwh.dim_payment: /* {"app": "dbt", "dbt_version": "1.12.0b3", "profile_name": "taxi_dwh", "target_name": "dev", "node_id": "model.taxi_dwh.dim_payment"} */
drop table if exists "taxi_db"."dwh_dwh"."dim_payment__dbt_backup" cascade
[0m15:54:30.896608 [debug] [Thread-1 (]: SQL status: DROP TABLE in 0.000 seconds
[0m15:54:30.897085 [debug] [Thread-1 (]: On model.taxi_dwh.dim_payment: Close
[0m15:54:30.897352 [debug] [Thread-1 (]: Sending event: {'category': 'dbt', 'action': 'run_model', 'label': 'd20b0564-dbf7-4fd3-bdb2-8cacf66e83de', 'context': [<snowplow_tracker.self_describing_json.SelfDescribingJson object at 0xffffb021d7d0>]}
[0m15:54:30.897653 [info ] [Thread-1 (]: 2 of 6 OK created sql table model dwh_dwh.dim_payment .......................... [[32mSELECT 4[0m in 0.03s]
[0m15:54:30.898002 [debug] [Thread-1 (]: Finished running node model.taxi_dwh.dim_payment
[0m15:54:30.898204 [debug] [Thread-1 (]: Began running node model.taxi_dwh.dim_ratecode
[0m15:54:30.898470 [info ] [Thread-1 (]: 3 of 6 START sql table model dwh_dwh.dim_ratecode .............................. [RUN]
[0m15:54:30.898733 [debug] [Thread-1 (]: Re-using an available connection from the pool (formerly model.taxi_dwh.dim_payment, now model.taxi_dwh.dim_ratecode)
[0m15:54:30.898900 [debug] [Thread-1 (]: Began compiling node model.taxi_dwh.dim_ratecode
[0m15:54:30.899747 [debug] [Thread-1 (]: Writing injected SQL for node "model.taxi_dwh.dim_ratecode"
[0m15:54:30.900195 [debug] [Thread-1 (]: Began executing node model.taxi_dwh.dim_ratecode
[0m15:54:30.901490 [debug] [Thread-1 (]: Writing runtime sql for node "model.taxi_dwh.dim_ratecode"
[0m15:54:30.901878 [debug] [Thread-1 (]: Using postgres connection "model.taxi_dwh.dim_ratecode"
[0m15:54:30.902020 [debug] [Thread-1 (]: On model.taxi_dwh.dim_ratecode: /* {"app": "dbt", "dbt_version": "1.12.0b3", "profile_name": "taxi_dwh", "target_name": "dev", "node_id": "model.taxi_dwh.dim_ratecode"} */

  
    

  create  table "taxi_db"."dwh_dwh"."dim_ratecode__dbt_tmp"
  
  
    as
  
  (
    with source as (
    select distinct
        RatecodeID as ratecode_id
    from staging.yellow_trips
)

select
    ratecode_id,
    case ratecode_id
        when 1 then 'Standard rate'
        when 2 then 'JFK'
        when 3 then 'Newark'
        when 4 then 'Nassau or Westchester'
        when 5 then 'Negotiated fare'
        when 6 then 'Group ride'
        else 'Unknown'
    end as ratecode_name
from source
  );
  
[0m15:54:30.902180 [debug] [Thread-1 (]: Opening a new connection, currently in state closed
[0m15:54:30.905571 [debug] [Thread-1 (]: Postgres adapter: Postgres error: column "ratecodeid" does not exist
LINE 14:         RatecodeID as ratecode_id
                 ^
HINT:  Perhaps you meant to reference the column "yellow_trips.RatecodeID".

[0m15:54:30.905783 [debug] [Thread-1 (]: On model.taxi_dwh.dim_ratecode: ROLLBACK
[0m15:54:30.906005 [debug] [Thread-1 (]: On model.taxi_dwh.dim_ratecode: Close
[0m15:54:30.907876 [debug] [Thread-1 (]: Database Error in model dim_ratecode (models/dwh/dim_ratecode.sql)
  column "ratecodeid" does not exist
  LINE 14:         RatecodeID as ratecode_id
                   ^
  HINT:  Perhaps you meant to reference the column "yellow_trips.RatecodeID".
  compiled code at target/run/taxi_dwh/models/dwh/dim_ratecode.sql
[0m15:54:30.908107 [debug] [Thread-1 (]: Sending event: {'category': 'dbt', 'action': 'run_model', 'label': 'd20b0564-dbf7-4fd3-bdb2-8cacf66e83de', 'context': [<snowplow_tracker.self_describing_json.SelfDescribingJson object at 0xffffb033c3d0>]}
[0m15:54:30.908387 [error] [Thread-1 (]: 3 of 6 ERROR creating sql table model dwh_dwh.dim_ratecode ..................... [[31mERROR[0m in 0.01s]
[0m15:54:30.908704 [debug] [Thread-1 (]: Finished running node model.taxi_dwh.dim_ratecode
[0m15:54:30.908889 [debug] [Thread-1 (]: Began running node model.taxi_dwh.dim_vendor
[0m15:54:30.909058 [debug] [Thread-4 (]: Marking all children of 'model.taxi_dwh.dim_ratecode' to be skipped because of status 'error'.  Reason: Database Error in model dim_ratecode (models/dwh/dim_ratecode.sql)
  column "ratecodeid" does not exist
  LINE 14:         RatecodeID as ratecode_id
                   ^
  HINT:  Perhaps you meant to reference the column "yellow_trips.RatecodeID".
  compiled code at target/run/taxi_dwh/models/dwh/dim_ratecode.sql.
[0m15:54:30.909262 [info ] [Thread-1 (]: 4 of 6 START sql table model dwh_dwh.dim_vendor ................................ [RUN]
[0m15:54:30.909884 [debug] [Thread-1 (]: Re-using an available connection from the pool (formerly model.taxi_dwh.dim_ratecode, now model.taxi_dwh.dim_vendor)
[0m15:54:30.910042 [debug] [Thread-1 (]: Began compiling node model.taxi_dwh.dim_vendor
[0m15:54:30.910954 [debug] [Thread-1 (]: Writing injected SQL for node "model.taxi_dwh.dim_vendor"
[0m15:54:30.911456 [debug] [Thread-1 (]: Began executing node model.taxi_dwh.dim_vendor
[0m15:54:30.912911 [debug] [Thread-1 (]: Writing runtime sql for node "model.taxi_dwh.dim_vendor"
[0m15:54:30.913302 [debug] [Thread-1 (]: Using postgres connection "model.taxi_dwh.dim_vendor"
[0m15:54:30.913450 [debug] [Thread-1 (]: On model.taxi_dwh.dim_vendor: /* {"app": "dbt", "dbt_version": "1.12.0b3", "profile_name": "taxi_dwh", "target_name": "dev", "node_id": "model.taxi_dwh.dim_vendor"} */

  
    

  create  table "taxi_db"."dwh_dwh"."dim_vendor__dbt_tmp"
  
  
    as
  
  (
    with source as (
    select distinct
        VendorID as vendor_id
    from staging.yellow_trips
)

select
    vendor_id,
    case vendor_id
        when 1 then 'Creative Mobile Technologies'
        when 2 then 'Curb Mobility'
        when 6 then 'Myle Technologies Inc'
        when 7 then 'Helix'
        else 'Unknown'
    end as vendor_name
from source
  );
  
[0m15:54:30.913631 [debug] [Thread-1 (]: Opening a new connection, currently in state closed
[0m15:54:30.917119 [debug] [Thread-1 (]: Postgres adapter: Postgres error: column "vendorid" does not exist
LINE 14:         VendorID as vendor_id
                 ^
HINT:  Perhaps you meant to reference the column "yellow_trips.VendorID".

[0m15:54:30.917350 [debug] [Thread-1 (]: On model.taxi_dwh.dim_vendor: ROLLBACK
[0m15:54:30.917556 [debug] [Thread-1 (]: On model.taxi_dwh.dim_vendor: Close
[0m15:54:30.918712 [debug] [Thread-1 (]: Database Error in model dim_vendor (models/dwh/dim_vendor.sql)
  column "vendorid" does not exist
  LINE 14:         VendorID as vendor_id
                   ^
  HINT:  Perhaps you meant to reference the column "yellow_trips.VendorID".
  compiled code at target/run/taxi_dwh/models/dwh/dim_vendor.sql
[0m15:54:30.918943 [debug] [Thread-1 (]: Sending event: {'category': 'dbt', 'action': 'run_model', 'label': 'd20b0564-dbf7-4fd3-bdb2-8cacf66e83de', 'context': [<snowplow_tracker.self_describing_json.SelfDescribingJson object at 0xffffb033c790>]}
[0m15:54:30.919218 [error] [Thread-1 (]: 4 of 6 ERROR creating sql table model dwh_dwh.dim_vendor ....................... [[31mERROR[0m in 0.01s]
[0m15:54:30.919513 [debug] [Thread-1 (]: Finished running node model.taxi_dwh.dim_vendor
[0m15:54:30.919687 [debug] [Thread-1 (]: Began running node model.taxi_dwh.dim_zone
[0m15:54:30.919844 [debug] [Thread-4 (]: Marking all children of 'model.taxi_dwh.dim_vendor' to be skipped because of status 'error'.  Reason: Database Error in model dim_vendor (models/dwh/dim_vendor.sql)
  column "vendorid" does not exist
  LINE 14:         VendorID as vendor_id
                   ^
  HINT:  Perhaps you meant to reference the column "yellow_trips.VendorID".
  compiled code at target/run/taxi_dwh/models/dwh/dim_vendor.sql.
[0m15:54:30.920059 [info ] [Thread-1 (]: 5 of 6 START sql table model dwh_dwh.dim_zone .................................. [RUN]
[0m15:54:30.920443 [debug] [Thread-1 (]: Re-using an available connection from the pool (formerly model.taxi_dwh.dim_vendor, now model.taxi_dwh.dim_zone)
[0m15:54:30.920641 [debug] [Thread-1 (]: Began compiling node model.taxi_dwh.dim_zone
[0m15:54:30.921504 [debug] [Thread-1 (]: Writing injected SQL for node "model.taxi_dwh.dim_zone"
[0m15:54:30.921929 [debug] [Thread-1 (]: Began executing node model.taxi_dwh.dim_zone
[0m15:54:30.923390 [debug] [Thread-1 (]: Writing runtime sql for node "model.taxi_dwh.dim_zone"
[0m15:54:30.923815 [debug] [Thread-1 (]: Using postgres connection "model.taxi_dwh.dim_zone"
[0m15:54:30.923954 [debug] [Thread-1 (]: On model.taxi_dwh.dim_zone: /* {"app": "dbt", "dbt_version": "1.12.0b3", "profile_name": "taxi_dwh", "target_name": "dev", "node_id": "model.taxi_dwh.dim_zone"} */

  
    

  create  table "taxi_db"."dwh_dwh"."dim_zone__dbt_tmp"
  
  
    as
  
  (
    with source as (
    select
        LocationID as zone_id,
        Borough as borough,
        Zone as zone_name,
        service_zone
    from staging.taxi_zones
)

select * from source
  );
  
[0m15:54:30.924086 [debug] [Thread-1 (]: Opening a new connection, currently in state closed
[0m15:54:30.927301 [debug] [Thread-1 (]: Postgres adapter: Postgres error: column "locationid" does not exist
LINE 14:         LocationID as zone_id,
                 ^
HINT:  Perhaps you meant to reference the column "taxi_zones.LocationID".

[0m15:54:30.927483 [debug] [Thread-1 (]: On model.taxi_dwh.dim_zone: ROLLBACK
[0m15:54:30.927699 [debug] [Thread-1 (]: On model.taxi_dwh.dim_zone: Close
[0m15:54:30.929696 [debug] [Thread-1 (]: Database Error in model dim_zone (models/dwh/dim_zone.sql)
  column "locationid" does not exist
  LINE 14:         LocationID as zone_id,
                   ^
  HINT:  Perhaps you meant to reference the column "taxi_zones.LocationID".
  compiled code at target/run/taxi_dwh/models/dwh/dim_zone.sql
[0m15:54:30.930007 [debug] [Thread-1 (]: Sending event: {'category': 'dbt', 'action': 'run_model', 'label': 'd20b0564-dbf7-4fd3-bdb2-8cacf66e83de', 'context': [<snowplow_tracker.self_describing_json.SelfDescribingJson object at 0xffffb02bb890>]}
[0m15:54:30.930302 [error] [Thread-1 (]: 5 of 6 ERROR creating sql table model dwh_dwh.dim_zone ......................... [[31mERROR[0m in 0.01s]
[0m15:54:30.930621 [debug] [Thread-1 (]: Finished running node model.taxi_dwh.dim_zone
[0m15:54:30.930844 [debug] [Thread-4 (]: Marking all children of 'model.taxi_dwh.dim_zone' to be skipped because of status 'error'.  Reason: Database Error in model dim_zone (models/dwh/dim_zone.sql)
  column "locationid" does not exist
  LINE 14:         LocationID as zone_id,
                   ^
  HINT:  Perhaps you meant to reference the column "taxi_zones.LocationID".
  compiled code at target/run/taxi_dwh/models/dwh/dim_zone.sql.
[0m15:54:30.931266 [debug] [Thread-1 (]: Began running node model.taxi_dwh.fact_trips
[0m15:54:30.931448 [info ] [Thread-1 (]: 6 of 6 SKIP relation dwh_dwh.fact_trips ........................................ [[33mSKIP[0m]
[0m15:54:30.931648 [debug] [Thread-1 (]: Finished running node model.taxi_dwh.fact_trips
[0m15:54:30.932176 [debug] [MainThread]: On master: COMMIT
[0m15:54:30.932354 [debug] [MainThread]: Using postgres connection "master"
[0m15:54:30.932499 [debug] [MainThread]: On master: COMMIT
[0m15:54:30.932629 [debug] [MainThread]: Opening a new connection, currently in state closed
[0m15:54:30.935816 [debug] [MainThread]: SQL status: COMMIT in 0.003 seconds
[0m15:54:30.935958 [debug] [MainThread]: On master: Close
[0m15:54:30.936143 [debug] [MainThread]: Connection 'master' was properly closed.
[0m15:54:30.936263 [debug] [MainThread]: Connection 'model.taxi_dwh.dim_zone' was properly closed.
[0m15:54:30.936445 [info ] [MainThread]: 
[0m15:54:30.936641 [info ] [MainThread]: Finished running 6 table models in 0 hours 0 minutes and 0.21 seconds (0.21s).
[0m15:54:30.937169 [debug] [MainThread]: Command end result
[0m15:54:30.952044 [debug] [MainThread]: Wrote artifact WritableManifest to /dbt/target/manifest.json
[0m15:54:30.953880 [debug] [MainThread]: Wrote artifact SemanticManifest to /dbt/target/semantic_manifest.json
[0m15:54:30.955077 [debug] [MainThread]: Wrote artifact OsiDocument to /dbt/target/osi_document.json
[0m15:54:30.958233 [debug] [MainThread]: Wrote artifact RunExecutionResult to /dbt/target/run_results.json
[0m15:54:30.958374 [info ] [MainThread]: 
[0m15:54:30.958574 [info ] [MainThread]: [31mCompleted with 3 errors, 0 partial successes, and 0 warnings:[0m
[0m15:54:30.958808 [info ] [MainThread]: 
[0m15:54:30.959025 [error] [MainThread]: [[31mERROR[0m]: in model dim_ratecode (models/dwh/dim_ratecode.sql)
[0m15:54:30.959208 [error] [MainThread]:   Database Error in model dim_ratecode (models/dwh/dim_ratecode.sql)
  column "ratecodeid" does not exist
  LINE 14:         RatecodeID as ratecode_id
                   ^
  HINT:  Perhaps you meant to reference the column "yellow_trips.RatecodeID".
  compiled code at target/run/taxi_dwh/models/dwh/dim_ratecode.sql
[0m15:54:30.959350 [info ] [MainThread]: 
[0m15:54:30.959589 [info ] [MainThread]:   compiled code at target/compiled/taxi_dwh/models/dwh/dim_ratecode.sql
[0m15:54:30.959750 [info ] [MainThread]: 
[0m15:54:30.959953 [error] [MainThread]: [[31mERROR[0m]: in model dim_vendor (models/dwh/dim_vendor.sql)
[0m15:54:30.960133 [error] [MainThread]:   Database Error in model dim_vendor (models/dwh/dim_vendor.sql)
  column "vendorid" does not exist
  LINE 14:         VendorID as vendor_id
                   ^
  HINT:  Perhaps you meant to reference the column "yellow_trips.VendorID".
  compiled code at target/run/taxi_dwh/models/dwh/dim_vendor.sql
[0m15:54:30.960305 [info ] [MainThread]: 
[0m15:54:30.960495 [info ] [MainThread]:   compiled code at target/compiled/taxi_dwh/models/dwh/dim_vendor.sql
[0m15:54:30.960665 [info ] [MainThread]: 
[0m15:54:30.960853 [error] [MainThread]: [[31mERROR[0m]: in model dim_zone (models/dwh/dim_zone.sql)
[0m15:54:30.961060 [error] [MainThread]:   Database Error in model dim_zone (models/dwh/dim_zone.sql)
  column "locationid" does not exist
  LINE 14:         LocationID as zone_id,
                   ^
  HINT:  Perhaps you meant to reference the column "taxi_zones.LocationID".
  compiled code at target/run/taxi_dwh/models/dwh/dim_zone.sql
[0m15:54:30.961205 [info ] [MainThread]: 
[0m15:54:30.961408 [info ] [MainThread]:   compiled code at target/compiled/taxi_dwh/models/dwh/dim_zone.sql
[0m15:54:30.961616 [info ] [MainThread]: 
[0m15:54:30.961815 [info ] [MainThread]: Done. PASS=2 WARN=0 ERROR=3 SKIP=1 NO-OP=0 REUSED=0 TOTAL=6
[0m15:54:30.962801 [debug] [MainThread]: Resource report: {"command_name": "run", "command_success": false, "command_wall_clock_time": 0.9318048, "process_in_blocks": "7664", "process_kernel_time": 0.146958, "process_mem_max_rss": "143232", "process_out_blocks": "6353", "process_user_time": 1.434591}
[0m15:54:30.963016 [debug] [MainThread]: Command `dbt run` failed at 15:54:30.962979 after 0.93 seconds
[0m15:54:30.963223 [debug] [MainThread]: Sending event: {'category': 'dbt', 'action': 'invocation', 'label': 'end', 'context': [<snowplow_tracker.self_describing_json.SelfDescribingJson object at 0xffffb36b5710>, <snowplow_tracker.self_describing_json.SelfDescribingJson object at 0xffffb371af50>, <snowplow_tracker.self_describing_json.SelfDescribingJson object at 0xffffb3803b10>]}
[0m15:54:30.963414 [debug] [MainThread]: Flushing usage events
[0m15:54:31.886830 [debug] [MainThread]: An error was encountered while trying to flush usage events
[0m15:57:42.249318 [debug] [MainThread]: Sending event: {'category': 'dbt', 'action': 'invocation', 'label': 'start', 'context': [<snowplow_tracker.self_describing_json.SelfDescribingJson object at 0xffff92d6e410>, <snowplow_tracker.self_describing_json.SelfDescribingJson object at 0xffff92edca10>, <snowplow_tracker.self_describing_json.SelfDescribingJson object at 0xffff92d6ee90>]}


============================== 15:57:42.252973 | 54422182-4fe8-4f8c-9a76-b88aa61371c2 ==============================
[0m15:57:42.252973 [info ] [MainThread]: Running with dbt=1.12.0-b3
[0m15:57:42.253468 [debug] [MainThread]: running dbt with arguments {'log_format': 'default', 'debug': 'False', 'use_colors': 'True', 'cache_selected_only': 'False', 'warn_error': 'None', 'maximum_seed_size_mib': '1', 'profiles_dir': '/dbt', 'printer_width': '80', 'no_print': 'None', 'log_path': '/dbt/logs', 'version_check': 'True', 'empty': 'False', 'static_parser': 'True', 'log_cache_events': 'False', 'write_json': 'True', 'partial_parse': 'True', 'introspect': 'True', 'quiet': 'False', 'use_experimental_parser': 'False', 'warn_error_options': 'WarnErrorOptionsV2(error=[], warn=[], silence=[])', 'fail_fast': 'False', 'indirect_selection': 'eager', 'invocation_command': 'dbt run', 'send_anonymous_usage_stats': 'True', 'target_path': 'None'}
[0m15:57:42.316998 [debug] [MainThread]: Sending event: {'category': 'dbt', 'action': 'project_id', 'label': '54422182-4fe8-4f8c-9a76-b88aa61371c2', 'context': [<snowplow_tracker.self_describing_json.SelfDescribingJson object at 0xffff9197fe90>]}
[0m15:57:42.340662 [debug] [MainThread]: Sending event: {'category': 'dbt', 'action': 'adapter_info', 'label': '54422182-4fe8-4f8c-9a76-b88aa61371c2', 'context': [<snowplow_tracker.self_describing_json.SelfDescribingJson object at 0xffff965b8410>]}
[0m15:57:42.341146 [info ] [MainThread]: Registered adapter: postgres=1.10.2
[0m15:57:42.368091 [debug] [MainThread]: checksum: a94b3de0c1a0b393f6f0937846b756c18b9ea7b042fa755d81c5a69b1742e270, vars: {}, profile: taxi_dwh, target: dev, version: 1.12.0b3
[0m15:57:42.436779 [debug] [MainThread]: Partial parsing enabled: 0 files deleted, 0 files added, 3 files changed.
[0m15:57:42.437116 [debug] [MainThread]: Partial parsing: updated file: taxi_dwh://models/dwh/dim_zone.sql
[0m15:57:42.437332 [debug] [MainThread]: Partial parsing: updated file: taxi_dwh://models/dwh/dim_vendor.sql
[0m15:57:42.437527 [debug] [MainThread]: Partial parsing: updated file: taxi_dwh://models/dwh/dim_ratecode.sql
[0m15:57:42.548889 [debug] [MainThread]: Sending event: {'category': 'dbt', 'action': 'load_project', 'label': '54422182-4fe8-4f8c-9a76-b88aa61371c2', 'context': [<snowplow_tracker.self_describing_json.SelfDescribingJson object at 0xffff942b1350>]}
[0m15:57:42.578691 [debug] [MainThread]: Wrote artifact WritableManifest to /dbt/target/manifest.json
[0m15:57:42.580089 [debug] [MainThread]: Wrote artifact SemanticManifest to /dbt/target/semantic_manifest.json
[0m15:57:42.585627 [debug] [MainThread]: Wrote artifact OsiDocument to /dbt/target/osi_document.json
[0m15:57:42.592024 [debug] [MainThread]: Sending event: {'category': 'dbt', 'action': 'resource_counts', 'label': '54422182-4fe8-4f8c-9a76-b88aa61371c2', 'context': [<snowplow_tracker.self_describing_json.SelfDescribingJson object at 0xffff9160d690>]}
[0m15:57:42.592244 [info ] [MainThread]: Found 6 models, 475 macros
[0m15:57:42.592431 [debug] [MainThread]: Sending event: {'category': 'dbt', 'action': 'runnable_timing', 'label': '54422182-4fe8-4f8c-9a76-b88aa61371c2', 'context': [<snowplow_tracker.self_describing_json.SelfDescribingJson object at 0xffff92cd4910>]}
[0m15:57:42.593353 [info ] [MainThread]: 
[0m15:57:42.593548 [info ] [MainThread]: Concurrency: 1 threads (target='dev')
[0m15:57:42.593736 [info ] [MainThread]: 
[0m15:57:42.594007 [debug] [MainThread]: Acquiring new postgres connection 'master'
[0m15:57:42.595923 [debug] [ThreadPool]: Acquiring new postgres connection 'list_taxi_db'
[0m15:57:42.614941 [debug] [ThreadPool]: Using postgres connection "list_taxi_db"
[0m15:57:42.615202 [debug] [ThreadPool]: On list_taxi_db: /* {"app": "dbt", "dbt_version": "1.12.0b3", "profile_name": "taxi_dwh", "target_name": "dev", "connection_name": "list_taxi_db"} */

    select distinct nspname from pg_namespace
  
[0m15:57:42.615403 [debug] [ThreadPool]: Opening a new connection, currently in state init
[0m15:57:42.621060 [debug] [ThreadPool]: SQL status: SELECT 5 in 0.006 seconds
[0m15:57:42.621626 [debug] [ThreadPool]: On list_taxi_db: Close
[0m15:57:42.622027 [debug] [ThreadPool]: Re-using an available connection from the pool (formerly list_taxi_db, now create_taxi_db_dwh_dwh)
[0m15:57:42.622342 [debug] [ThreadPool]: Creating schema "database: "taxi_db"
schema: "dwh_dwh"
"
[0m15:57:42.624543 [debug] [ThreadPool]: Using postgres connection "create_taxi_db_dwh_dwh"
[0m15:57:42.624730 [debug] [ThreadPool]: On create_taxi_db_dwh_dwh: /* {"app": "dbt", "dbt_version": "1.12.0b3", "profile_name": "taxi_dwh", "target_name": "dev", "connection_name": "create_taxi_db_dwh_dwh"} */
create schema if not exists "dwh_dwh"
[0m15:57:42.624909 [debug] [ThreadPool]: Opening a new connection, currently in state closed
[0m15:57:42.628144 [debug] [ThreadPool]: SQL status: CREATE SCHEMA in 0.003 seconds
[0m15:57:42.628557 [debug] [ThreadPool]: On create_taxi_db_dwh_dwh: COMMIT
[0m15:57:42.628725 [debug] [ThreadPool]: Using postgres connection "create_taxi_db_dwh_dwh"
[0m15:57:42.628890 [debug] [ThreadPool]: On create_taxi_db_dwh_dwh: COMMIT
[0m15:57:42.629312 [debug] [ThreadPool]: SQL status: COMMIT in 0.000 seconds
[0m15:57:42.629485 [debug] [ThreadPool]: On create_taxi_db_dwh_dwh: Close
[0m15:57:42.630211 [debug] [ThreadPool]: Re-using an available connection from the pool (formerly create_taxi_db_dwh_dwh, now list_taxi_db_dwh_dwh)
[0m15:57:42.632525 [debug] [ThreadPool]: Using postgres connection "list_taxi_db_dwh_dwh"
[0m15:57:42.632706 [debug] [ThreadPool]: On list_taxi_db_dwh_dwh: /* {"app": "dbt", "dbt_version": "1.12.0b3", "profile_name": "taxi_dwh", "target_name": "dev", "connection_name": "list_taxi_db_dwh_dwh"} */
select
      'taxi_db' as database,
      tablename as name,
      schemaname as schema,
      'table' as type
    from pg_tables
    where schemaname ilike 'dwh_dwh'
    union all
    select
      'taxi_db' as database,
      viewname as name,
      schemaname as schema,
      'view' as type
    from pg_views
    where schemaname ilike 'dwh_dwh'
    union all
    select
      'taxi_db' as database,
      matviewname as name,
      schemaname as schema,
      'materialized_view' as type
    from pg_matviews
    where schemaname ilike 'dwh_dwh'
  
[0m15:57:42.632864 [debug] [ThreadPool]: Opening a new connection, currently in state closed
[0m15:57:42.637524 [debug] [ThreadPool]: SQL status: SELECT 0 in 0.005 seconds
[0m15:57:42.637998 [debug] [ThreadPool]: On list_taxi_db_dwh_dwh: ROLLBACK
[0m15:57:42.638191 [debug] [ThreadPool]: On list_taxi_db_dwh_dwh: Close
[0m15:57:42.640072 [debug] [MainThread]: Using postgres connection "master"
[0m15:57:42.640285 [debug] [MainThread]: On master: /* {"app": "dbt", "dbt_version": "1.12.0b3", "profile_name": "taxi_dwh", "target_name": "dev", "connection_name": "master"} */
select distinct
        dependent_namespace.nspname as dependent_schema,
        dependent_class.relname as dependent_name,
        referenced_namespace.nspname as referenced_schema,
        referenced_class.relname as referenced_name

    -- Query for views: views are entries in pg_class with an entry in pg_rewrite, but we avoid
    -- a seq scan on pg_rewrite by leveraging the fact there is an "internal" row in pg_depend for
    -- the view...
    from pg_class as dependent_class
    join pg_namespace as dependent_namespace on dependent_namespace.oid = dependent_class.relnamespace
    join pg_depend as dependent_depend on dependent_depend.refobjid = dependent_class.oid
        and dependent_depend.classid = 'pg_rewrite'::regclass
        and dependent_depend.refclassid = 'pg_class'::regclass
        and dependent_depend.deptype = 'i'

    -- ... and via pg_depend (that has a row per column, hence the need for "distinct" above, and
    -- making sure to exclude the internal row to avoid a view appearing to depend on itself)...
    join pg_depend as joining_depend on joining_depend.objid = dependent_depend.objid
        and joining_depend.classid = 'pg_rewrite'::regclass
        and joining_depend.refclassid = 'pg_class'::regclass
        and joining_depend.refobjid != dependent_depend.refobjid

    -- ... we can find the tables they query from in pg_class, but excluding system tables. Note we
    -- don't need need to exclude _dependent_ system tables, because they only query from other
    -- system tables, and so are automatically excluded by excluding _referenced_ system tables
    join pg_class as referenced_class on referenced_class.oid = joining_depend.refobjid
    join pg_namespace as referenced_namespace on referenced_namespace.oid = referenced_class.relnamespace
        and referenced_namespace.nspname != 'information_schema'
        and referenced_namespace.nspname not like 'pg\_%'

    order by
        dependent_schema, dependent_name, referenced_schema, referenced_name;
[0m15:57:42.640504 [debug] [MainThread]: Opening a new connection, currently in state init
[0m15:57:42.646463 [debug] [MainThread]: SQL status: SELECT 0 in 0.006 seconds
[0m15:57:42.647062 [debug] [MainThread]: Sending event: {'category': 'dbt', 'action': 'runnable_timing', 'label': '54422182-4fe8-4f8c-9a76-b88aa61371c2', 'context': [<snowplow_tracker.self_describing_json.SelfDescribingJson object at 0xffff9170c1d0>]}
[0m15:57:42.647279 [debug] [MainThread]: On master: ROLLBACK
[0m15:57:42.647472 [debug] [MainThread]: On master: COMMIT
[0m15:57:42.647607 [debug] [MainThread]: Using postgres connection "master"
[0m15:57:42.647727 [debug] [MainThread]: On master: COMMIT
[0m15:57:42.647963 [debug] [MainThread]: SQL status: COMMIT in 0.000 seconds
[0m15:57:42.648131 [debug] [MainThread]: On master: Close
[0m15:57:42.650843 [debug] [Thread-1 (]: Began running node model.taxi_dwh.dim_date
[0m15:57:42.651131 [info ] [Thread-1 (]: 1 of 6 START sql table model dwh_dwh.dim_date .................................. [RUN]
[0m15:57:42.651395 [debug] [Thread-1 (]: Re-using an available connection from the pool (formerly list_taxi_db_dwh_dwh, now model.taxi_dwh.dim_date)
[0m15:57:42.651581 [debug] [Thread-1 (]: Began compiling node model.taxi_dwh.dim_date
[0m15:57:42.654418 [debug] [Thread-1 (]: Writing injected SQL for node "model.taxi_dwh.dim_date"
[0m15:57:42.655124 [debug] [Thread-1 (]: Began executing node model.taxi_dwh.dim_date
[0m15:57:42.673556 [debug] [Thread-1 (]: Writing runtime sql for node "model.taxi_dwh.dim_date"
[0m15:57:42.674396 [debug] [Thread-1 (]: Using postgres connection "model.taxi_dwh.dim_date"
[0m15:57:42.674614 [debug] [Thread-1 (]: On model.taxi_dwh.dim_date: /* {"app": "dbt", "dbt_version": "1.12.0b3", "profile_name": "taxi_dwh", "target_name": "dev", "node_id": "model.taxi_dwh.dim_date"} */

  
    

  create  table "taxi_db"."dwh_dwh"."dim_date__dbt_tmp"
  
  
    as
  
  (
    with source as (
    select distinct
        date_trunc('hour', tpep_pickup_datetime) as full_date
    from staging.yellow_trips
)

select
    row_number() over (order by full_date) as date_id,
    full_date,
    extract(year from full_date)::integer as year,
    extract(month from full_date)::integer as month,
    to_char(full_date, 'Month') as month_name,
    extract(day from full_date)::integer as day,
    extract(dow from full_date)::integer as day_of_week,
    to_char(full_date, 'Day') as day_name,
    extract(hour from full_date)::integer as hour,
    case when extract(dow from full_date) in (0, 6) then true else false end as is_weekend
from source
  );
  
[0m15:57:42.674798 [debug] [Thread-1 (]: Opening a new connection, currently in state closed
[0m15:57:42.694934 [debug] [Thread-1 (]: SQL status: SELECT 40 in 0.020 seconds
[0m15:57:42.699075 [debug] [Thread-1 (]: Using postgres connection "model.taxi_dwh.dim_date"
[0m15:57:42.699266 [debug] [Thread-1 (]: On model.taxi_dwh.dim_date: /* {"app": "dbt", "dbt_version": "1.12.0b3", "profile_name": "taxi_dwh", "target_name": "dev", "node_id": "model.taxi_dwh.dim_date"} */
alter table "taxi_db"."dwh_dwh"."dim_date__dbt_tmp" rename to "dim_date"
[0m15:57:42.699590 [debug] [Thread-1 (]: SQL status: ALTER TABLE in 0.000 seconds
[0m15:57:42.705899 [debug] [Thread-1 (]: On model.taxi_dwh.dim_date: COMMIT
[0m15:57:42.706085 [debug] [Thread-1 (]: Using postgres connection "model.taxi_dwh.dim_date"
[0m15:57:42.706237 [debug] [Thread-1 (]: On model.taxi_dwh.dim_date: COMMIT
[0m15:57:42.706648 [debug] [Thread-1 (]: SQL status: COMMIT in 0.000 seconds
[0m15:57:42.708968 [debug] [Thread-1 (]: Applying DROP to: "taxi_db"."dwh_dwh"."dim_date__dbt_backup"
[0m15:57:42.710726 [debug] [Thread-1 (]: Using postgres connection "model.taxi_dwh.dim_date"
[0m15:57:42.710872 [debug] [Thread-1 (]: On model.taxi_dwh.dim_date: /* {"app": "dbt", "dbt_version": "1.12.0b3", "profile_name": "taxi_dwh", "target_name": "dev", "node_id": "model.taxi_dwh.dim_date"} */
drop table if exists "taxi_db"."dwh_dwh"."dim_date__dbt_backup" cascade
[0m15:57:42.711108 [debug] [Thread-1 (]: SQL status: DROP TABLE in 0.000 seconds
[0m15:57:42.712090 [debug] [Thread-1 (]: On model.taxi_dwh.dim_date: Close
[0m15:57:42.712900 [debug] [Thread-1 (]: Sending event: {'category': 'dbt', 'action': 'run_model', 'label': '54422182-4fe8-4f8c-9a76-b88aa61371c2', 'context': [<snowplow_tracker.self_describing_json.SelfDescribingJson object at 0xffff9018d010>]}
[0m15:57:42.713196 [info ] [Thread-1 (]: 1 of 6 OK created sql table model dwh_dwh.dim_date ............................. [[32mSELECT 40[0m in 0.06s]
[0m15:57:42.713577 [debug] [Thread-1 (]: Finished running node model.taxi_dwh.dim_date
[0m15:57:42.713765 [debug] [Thread-1 (]: Began running node model.taxi_dwh.dim_payment
[0m15:57:42.714017 [info ] [Thread-1 (]: 2 of 6 START sql table model dwh_dwh.dim_payment ............................... [RUN]
[0m15:57:42.714261 [debug] [Thread-1 (]: Re-using an available connection from the pool (formerly model.taxi_dwh.dim_date, now model.taxi_dwh.dim_payment)
[0m15:57:42.714439 [debug] [Thread-1 (]: Began compiling node model.taxi_dwh.dim_payment
[0m15:57:42.715317 [debug] [Thread-1 (]: Writing injected SQL for node "model.taxi_dwh.dim_payment"
[0m15:57:42.715781 [debug] [Thread-1 (]: Began executing node model.taxi_dwh.dim_payment
[0m15:57:42.717118 [debug] [Thread-1 (]: Writing runtime sql for node "model.taxi_dwh.dim_payment"
[0m15:57:42.717484 [debug] [Thread-1 (]: Using postgres connection "model.taxi_dwh.dim_payment"
[0m15:57:42.717630 [debug] [Thread-1 (]: On model.taxi_dwh.dim_payment: /* {"app": "dbt", "dbt_version": "1.12.0b3", "profile_name": "taxi_dwh", "target_name": "dev", "node_id": "model.taxi_dwh.dim_payment"} */

  
    

  create  table "taxi_db"."dwh_dwh"."dim_payment__dbt_tmp"
  
  
    as
  
  (
    with source as (
    select distinct
        payment_type as payment_id
    from staging.yellow_trips
)

select
    payment_id,
    case payment_id
        when 1 then 'Credit card'
        when 2 then 'Cash'
        when 3 then 'No charge'
        when 4 then 'Dispute'
        when 5 then 'Unknown'
        when 6 then 'Voided trip'
        else 'Unknown'
    end as payment_name
from source
  );
  
[0m15:57:42.717788 [debug] [Thread-1 (]: Opening a new connection, currently in state closed
[0m15:57:42.730858 [debug] [Thread-1 (]: SQL status: SELECT 4 in 0.013 seconds
[0m15:57:42.732312 [debug] [Thread-1 (]: Using postgres connection "model.taxi_dwh.dim_payment"
[0m15:57:42.732466 [debug] [Thread-1 (]: On model.taxi_dwh.dim_payment: /* {"app": "dbt", "dbt_version": "1.12.0b3", "profile_name": "taxi_dwh", "target_name": "dev", "node_id": "model.taxi_dwh.dim_payment"} */
alter table "taxi_db"."dwh_dwh"."dim_payment__dbt_tmp" rename to "dim_payment"
[0m15:57:42.732705 [debug] [Thread-1 (]: SQL status: ALTER TABLE in 0.000 seconds
[0m15:57:42.733171 [debug] [Thread-1 (]: On model.taxi_dwh.dim_payment: COMMIT
[0m15:57:42.733335 [debug] [Thread-1 (]: Using postgres connection "model.taxi_dwh.dim_payment"
[0m15:57:42.733476 [debug] [Thread-1 (]: On model.taxi_dwh.dim_payment: COMMIT
[0m15:57:42.733812 [debug] [Thread-1 (]: SQL status: COMMIT in 0.000 seconds
[0m15:57:42.734732 [debug] [Thread-1 (]: Applying DROP to: "taxi_db"."dwh_dwh"."dim_payment__dbt_backup"
[0m15:57:42.734971 [debug] [Thread-1 (]: Using postgres connection "model.taxi_dwh.dim_payment"
[0m15:57:42.735121 [debug] [Thread-1 (]: On model.taxi_dwh.dim_payment: /* {"app": "dbt", "dbt_version": "1.12.0b3", "profile_name": "taxi_dwh", "target_name": "dev", "node_id": "model.taxi_dwh.dim_payment"} */
drop table if exists "taxi_db"."dwh_dwh"."dim_payment__dbt_backup" cascade
[0m15:57:42.735346 [debug] [Thread-1 (]: SQL status: DROP TABLE in 0.000 seconds
[0m15:57:42.735797 [debug] [Thread-1 (]: On model.taxi_dwh.dim_payment: Close
[0m15:57:42.736065 [debug] [Thread-1 (]: Sending event: {'category': 'dbt', 'action': 'run_model', 'label': '54422182-4fe8-4f8c-9a76-b88aa61371c2', 'context': [<snowplow_tracker.self_describing_json.SelfDescribingJson object at 0xffff92cca850>]}
[0m15:57:42.736329 [info ] [Thread-1 (]: 2 of 6 OK created sql table model dwh_dwh.dim_payment .......................... [[32mSELECT 4[0m in 0.02s]
[0m15:57:42.736707 [debug] [Thread-1 (]: Finished running node model.taxi_dwh.dim_payment
[0m15:57:42.736900 [debug] [Thread-1 (]: Began running node model.taxi_dwh.dim_ratecode
[0m15:57:42.737154 [info ] [Thread-1 (]: 3 of 6 START sql table model dwh_dwh.dim_ratecode .............................. [RUN]
[0m15:57:42.737442 [debug] [Thread-1 (]: Re-using an available connection from the pool (formerly model.taxi_dwh.dim_payment, now model.taxi_dwh.dim_ratecode)
[0m15:57:42.737605 [debug] [Thread-1 (]: Began compiling node model.taxi_dwh.dim_ratecode
[0m15:57:42.738429 [debug] [Thread-1 (]: Writing injected SQL for node "model.taxi_dwh.dim_ratecode"
[0m15:57:42.738916 [debug] [Thread-1 (]: Began executing node model.taxi_dwh.dim_ratecode
[0m15:57:42.740943 [debug] [Thread-1 (]: Writing runtime sql for node "model.taxi_dwh.dim_ratecode"
[0m15:57:42.741309 [debug] [Thread-1 (]: Using postgres connection "model.taxi_dwh.dim_ratecode"
[0m15:57:42.741457 [debug] [Thread-1 (]: On model.taxi_dwh.dim_ratecode: /* {"app": "dbt", "dbt_version": "1.12.0b3", "profile_name": "taxi_dwh", "target_name": "dev", "node_id": "model.taxi_dwh.dim_ratecode"} */

  
    

  create  table "taxi_db"."dwh_dwh"."dim_ratecode__dbt_tmp"
  
  
    as
  
  (
    with source as (
    select distinct
        "RatecodeID" as ratecode_id
    from staging.yellow_trips
)

select
    ratecode_id,
    case ratecode_id
        when 1 then 'Standard rate'
        when 2 then 'JFK'
        when 3 then 'Newark'
        when 4 then 'Nassau or Westchester'
        when 5 then 'Negotiated fare'
        when 6 then 'Group ride'
        else 'Unknown'
    end as ratecode_name
from source
  );
  
[0m15:57:42.741611 [debug] [Thread-1 (]: Opening a new connection, currently in state closed
[0m15:57:42.753700 [debug] [Thread-1 (]: SQL status: SELECT 6 in 0.012 seconds
[0m15:57:42.755117 [debug] [Thread-1 (]: Using postgres connection "model.taxi_dwh.dim_ratecode"
[0m15:57:42.755269 [debug] [Thread-1 (]: On model.taxi_dwh.dim_ratecode: /* {"app": "dbt", "dbt_version": "1.12.0b3", "profile_name": "taxi_dwh", "target_name": "dev", "node_id": "model.taxi_dwh.dim_ratecode"} */
alter table "taxi_db"."dwh_dwh"."dim_ratecode__dbt_tmp" rename to "dim_ratecode"
[0m15:57:42.755538 [debug] [Thread-1 (]: SQL status: ALTER TABLE in 0.000 seconds
[0m15:57:42.756042 [debug] [Thread-1 (]: On model.taxi_dwh.dim_ratecode: COMMIT
[0m15:57:42.756199 [debug] [Thread-1 (]: Using postgres connection "model.taxi_dwh.dim_ratecode"
[0m15:57:42.756327 [debug] [Thread-1 (]: On model.taxi_dwh.dim_ratecode: COMMIT
[0m15:57:42.756635 [debug] [Thread-1 (]: SQL status: COMMIT in 0.000 seconds
[0m15:57:42.757515 [debug] [Thread-1 (]: Applying DROP to: "taxi_db"."dwh_dwh"."dim_ratecode__dbt_backup"
[0m15:57:42.757743 [debug] [Thread-1 (]: Using postgres connection "model.taxi_dwh.dim_ratecode"
[0m15:57:42.757895 [debug] [Thread-1 (]: On model.taxi_dwh.dim_ratecode: /* {"app": "dbt", "dbt_version": "1.12.0b3", "profile_name": "taxi_dwh", "target_name": "dev", "node_id": "model.taxi_dwh.dim_ratecode"} */
drop table if exists "taxi_db"."dwh_dwh"."dim_ratecode__dbt_backup" cascade
[0m15:57:42.758125 [debug] [Thread-1 (]: SQL status: DROP TABLE in 0.000 seconds
[0m15:57:42.758647 [debug] [Thread-1 (]: On model.taxi_dwh.dim_ratecode: Close
[0m15:57:42.758932 [debug] [Thread-1 (]: Sending event: {'category': 'dbt', 'action': 'run_model', 'label': '54422182-4fe8-4f8c-9a76-b88aa61371c2', 'context': [<snowplow_tracker.self_describing_json.SelfDescribingJson object at 0xffff9010eb10>]}
[0m15:57:42.759243 [info ] [Thread-1 (]: 3 of 6 OK created sql table model dwh_dwh.dim_ratecode ......................... [[32mSELECT 6[0m in 0.02s]
[0m15:57:42.759526 [debug] [Thread-1 (]: Finished running node model.taxi_dwh.dim_ratecode
[0m15:57:42.759718 [debug] [Thread-1 (]: Began running node model.taxi_dwh.dim_vendor
[0m15:57:42.759948 [info ] [Thread-1 (]: 4 of 6 START sql table model dwh_dwh.dim_vendor ................................ [RUN]
[0m15:57:42.760182 [debug] [Thread-1 (]: Re-using an available connection from the pool (formerly model.taxi_dwh.dim_ratecode, now model.taxi_dwh.dim_vendor)
[0m15:57:42.760331 [debug] [Thread-1 (]: Began compiling node model.taxi_dwh.dim_vendor
[0m15:57:42.761204 [debug] [Thread-1 (]: Writing injected SQL for node "model.taxi_dwh.dim_vendor"
[0m15:57:42.761634 [debug] [Thread-1 (]: Began executing node model.taxi_dwh.dim_vendor
[0m15:57:42.762972 [debug] [Thread-1 (]: Writing runtime sql for node "model.taxi_dwh.dim_vendor"
[0m15:57:42.763339 [debug] [Thread-1 (]: Using postgres connection "model.taxi_dwh.dim_vendor"
[0m15:57:42.763487 [debug] [Thread-1 (]: On model.taxi_dwh.dim_vendor: /* {"app": "dbt", "dbt_version": "1.12.0b3", "profile_name": "taxi_dwh", "target_name": "dev", "node_id": "model.taxi_dwh.dim_vendor"} */

  
    

  create  table "taxi_db"."dwh_dwh"."dim_vendor__dbt_tmp"
  
  
    as
  
  (
    with source as (
    select distinct
        "VendorID" as vendor_id
    from staging.yellow_trips
)

select
    vendor_id,
    case vendor_id
        when 1 then 'Creative Mobile Technologies'
        when 2 then 'Curb Mobility'
        when 6 then 'Myle Technologies Inc'
        when 7 then 'Helix'
        else 'Unknown'
    end as vendor_name
from source
  );
  
[0m15:57:42.763652 [debug] [Thread-1 (]: Opening a new connection, currently in state closed
[0m15:57:42.775715 [debug] [Thread-1 (]: SQL status: SELECT 3 in 0.012 seconds
[0m15:57:42.777291 [debug] [Thread-1 (]: Using postgres connection "model.taxi_dwh.dim_vendor"
[0m15:57:42.777469 [debug] [Thread-1 (]: On model.taxi_dwh.dim_vendor: /* {"app": "dbt", "dbt_version": "1.12.0b3", "profile_name": "taxi_dwh", "target_name": "dev", "node_id": "model.taxi_dwh.dim_vendor"} */
alter table "taxi_db"."dwh_dwh"."dim_vendor__dbt_tmp" rename to "dim_vendor"
[0m15:57:42.777805 [debug] [Thread-1 (]: SQL status: ALTER TABLE in 0.000 seconds
[0m15:57:42.778362 [debug] [Thread-1 (]: On model.taxi_dwh.dim_vendor: COMMIT
[0m15:57:42.778510 [debug] [Thread-1 (]: Using postgres connection "model.taxi_dwh.dim_vendor"
[0m15:57:42.778659 [debug] [Thread-1 (]: On model.taxi_dwh.dim_vendor: COMMIT
[0m15:57:42.779016 [debug] [Thread-1 (]: SQL status: COMMIT in 0.000 seconds
[0m15:57:42.779891 [debug] [Thread-1 (]: Applying DROP to: "taxi_db"."dwh_dwh"."dim_vendor__dbt_backup"
[0m15:57:42.780128 [debug] [Thread-1 (]: Using postgres connection "model.taxi_dwh.dim_vendor"
[0m15:57:42.780286 [debug] [Thread-1 (]: On model.taxi_dwh.dim_vendor: /* {"app": "dbt", "dbt_version": "1.12.0b3", "profile_name": "taxi_dwh", "target_name": "dev", "node_id": "model.taxi_dwh.dim_vendor"} */
drop table if exists "taxi_db"."dwh_dwh"."dim_vendor__dbt_backup" cascade
[0m15:57:42.780506 [debug] [Thread-1 (]: SQL status: DROP TABLE in 0.000 seconds
[0m15:57:42.780985 [debug] [Thread-1 (]: On model.taxi_dwh.dim_vendor: Close
[0m15:57:42.781251 [debug] [Thread-1 (]: Sending event: {'category': 'dbt', 'action': 'run_model', 'label': '54422182-4fe8-4f8c-9a76-b88aa61371c2', 'context': [<snowplow_tracker.self_describing_json.SelfDescribingJson object at 0xffff900ecc90>]}
[0m15:57:42.781517 [info ] [Thread-1 (]: 4 of 6 OK created sql table model dwh_dwh.dim_vendor ........................... [[32mSELECT 3[0m in 0.02s]
[0m15:57:42.781907 [debug] [Thread-1 (]: Finished running node model.taxi_dwh.dim_vendor
[0m15:57:42.782110 [debug] [Thread-1 (]: Began running node model.taxi_dwh.dim_zone
[0m15:57:42.782363 [info ] [Thread-1 (]: 5 of 6 START sql table model dwh_dwh.dim_zone .................................. [RUN]
[0m15:57:42.782585 [debug] [Thread-1 (]: Re-using an available connection from the pool (formerly model.taxi_dwh.dim_vendor, now model.taxi_dwh.dim_zone)
[0m15:57:42.782748 [debug] [Thread-1 (]: Began compiling node model.taxi_dwh.dim_zone
[0m15:57:42.783572 [debug] [Thread-1 (]: Writing injected SQL for node "model.taxi_dwh.dim_zone"
[0m15:57:42.784047 [debug] [Thread-1 (]: Began executing node model.taxi_dwh.dim_zone
[0m15:57:42.785354 [debug] [Thread-1 (]: Writing runtime sql for node "model.taxi_dwh.dim_zone"
[0m15:57:42.785719 [debug] [Thread-1 (]: Using postgres connection "model.taxi_dwh.dim_zone"
[0m15:57:42.785875 [debug] [Thread-1 (]: On model.taxi_dwh.dim_zone: /* {"app": "dbt", "dbt_version": "1.12.0b3", "profile_name": "taxi_dwh", "target_name": "dev", "node_id": "model.taxi_dwh.dim_zone"} */

  
    

  create  table "taxi_db"."dwh_dwh"."dim_zone__dbt_tmp"
  
  
    as
  
  (
    with source as (
    select
        "LocationID" as zone_id,
        "Borough" as borough,
        "Zone" as zone_name,
        service_zone
    from staging.taxi_zones
)

select * from source
  );
  
[0m15:57:42.786036 [debug] [Thread-1 (]: Opening a new connection, currently in state closed
[0m15:57:42.790207 [debug] [Thread-1 (]: SQL status: SELECT 265 in 0.004 seconds
[0m15:57:42.791421 [debug] [Thread-1 (]: Using postgres connection "model.taxi_dwh.dim_zone"
[0m15:57:42.791572 [debug] [Thread-1 (]: On model.taxi_dwh.dim_zone: /* {"app": "dbt", "dbt_version": "1.12.0b3", "profile_name": "taxi_dwh", "target_name": "dev", "node_id": "model.taxi_dwh.dim_zone"} */
alter table "taxi_db"."dwh_dwh"."dim_zone__dbt_tmp" rename to "dim_zone"
[0m15:57:42.791776 [debug] [Thread-1 (]: SQL status: ALTER TABLE in 0.000 seconds
[0m15:57:42.793003 [debug] [Thread-1 (]: On model.taxi_dwh.dim_zone: COMMIT
[0m15:57:42.793147 [debug] [Thread-1 (]: Using postgres connection "model.taxi_dwh.dim_zone"
[0m15:57:42.793267 [debug] [Thread-1 (]: On model.taxi_dwh.dim_zone: COMMIT
[0m15:57:42.793551 [debug] [Thread-1 (]: SQL status: COMMIT in 0.000 seconds
[0m15:57:42.794432 [debug] [Thread-1 (]: Applying DROP to: "taxi_db"."dwh_dwh"."dim_zone__dbt_backup"
[0m15:57:42.794665 [debug] [Thread-1 (]: Using postgres connection "model.taxi_dwh.dim_zone"
[0m15:57:42.794808 [debug] [Thread-1 (]: On model.taxi_dwh.dim_zone: /* {"app": "dbt", "dbt_version": "1.12.0b3", "profile_name": "taxi_dwh", "target_name": "dev", "node_id": "model.taxi_dwh.dim_zone"} */
drop table if exists "taxi_db"."dwh_dwh"."dim_zone__dbt_backup" cascade
[0m15:57:42.795011 [debug] [Thread-1 (]: SQL status: DROP TABLE in 0.000 seconds
[0m15:57:42.795493 [debug] [Thread-1 (]: On model.taxi_dwh.dim_zone: Close
[0m15:57:42.795823 [debug] [Thread-1 (]: Sending event: {'category': 'dbt', 'action': 'run_model', 'label': '54422182-4fe8-4f8c-9a76-b88aa61371c2', 'context': [<snowplow_tracker.self_describing_json.SelfDescribingJson object at 0xffff901558d0>]}
[0m15:57:42.796128 [info ] [Thread-1 (]: 5 of 6 OK created sql table model dwh_dwh.dim_zone ............................. [[32mSELECT 265[0m in 0.01s]
[0m15:57:42.796377 [debug] [Thread-1 (]: Finished running node model.taxi_dwh.dim_zone
[0m15:57:42.796795 [debug] [Thread-1 (]: Began running node model.taxi_dwh.fact_trips
[0m15:57:42.796982 [info ] [Thread-1 (]: 6 of 6 START sql table model dwh_dwh.fact_trips ................................ [RUN]
[0m15:57:42.797208 [debug] [Thread-1 (]: Re-using an available connection from the pool (formerly model.taxi_dwh.dim_zone, now model.taxi_dwh.fact_trips)
[0m15:57:42.797380 [debug] [Thread-1 (]: Began compiling node model.taxi_dwh.fact_trips
[0m15:57:42.798818 [debug] [Thread-1 (]: Writing injected SQL for node "model.taxi_dwh.fact_trips"
[0m15:57:42.799275 [debug] [Thread-1 (]: Began executing node model.taxi_dwh.fact_trips
[0m15:57:42.800630 [debug] [Thread-1 (]: Writing runtime sql for node "model.taxi_dwh.fact_trips"
[0m15:57:42.800994 [debug] [Thread-1 (]: Using postgres connection "model.taxi_dwh.fact_trips"
[0m15:57:42.801194 [debug] [Thread-1 (]: On model.taxi_dwh.fact_trips: /* {"app": "dbt", "dbt_version": "1.12.0b3", "profile_name": "taxi_dwh", "target_name": "dev", "node_id": "model.taxi_dwh.fact_trips"} */

  
    

  create  table "taxi_db"."dwh_dwh"."fact_trips__dbt_tmp"
  
  
    as
  
  (
    with trips as (
    select * from staging.yellow_trips
),

dates as (
    select * from "taxi_db"."dwh_dwh"."dim_date"
),

zones as (
    select * from "taxi_db"."dwh_dwh"."dim_zone"
)

select
    row_number() over () as trip_id,
    d_pickup.date_id as pickup_date_id,
    d_dropoff.date_id as dropoff_date_id,
    z_pickup.zone_id as pickup_zone_id,
    z_dropoff.zone_id as dropoff_zone_id,
    t.VendorID as vendor_id,
    t.payment_type as payment_id,
    t.RatecodeID as ratecode_id,
    t.passenger_count,
    t.trip_distance,
    extract(epoch from (t.tpep_dropoff_datetime - t.tpep_pickup_datetime)) / 60 as trip_duration_minutes,
    t.fare_amount,
    t.tip_amount,
    t.tolls_amount,
    t.total_amount,
    t.congestion_surcharge
from trips t
left join dates d_pickup
    on date_trunc('hour', t.tpep_pickup_datetime) = d_pickup.full_date
left join dates d_dropoff
    on date_trunc('hour', t.tpep_dropoff_datetime) = d_dropoff.full_date
left join zones z_pickup
    on t.PULocationID = z_pickup.zone_id
left join zones z_dropoff
    on t.DOLocationID = z_dropoff.zone_id
  );
  
[0m15:57:42.801378 [debug] [Thread-1 (]: Opening a new connection, currently in state closed
[0m15:57:42.804874 [debug] [Thread-1 (]: Postgres adapter: Postgres error: column t.pulocationid does not exist
LINE 47:     on t.PULocationID = z_pickup.zone_id
                ^

[0m15:57:42.805066 [debug] [Thread-1 (]: On model.taxi_dwh.fact_trips: ROLLBACK
[0m15:57:42.805269 [debug] [Thread-1 (]: On model.taxi_dwh.fact_trips: Close
[0m15:57:42.806979 [debug] [Thread-1 (]: Database Error in model fact_trips (models/dwh/fact_trips.sql)
  column t.pulocationid does not exist
  LINE 47:     on t.PULocationID = z_pickup.zone_id
                  ^
  compiled code at target/run/taxi_dwh/models/dwh/fact_trips.sql
[0m15:57:42.807224 [debug] [Thread-1 (]: Sending event: {'category': 'dbt', 'action': 'run_model', 'label': '54422182-4fe8-4f8c-9a76-b88aa61371c2', 'context': [<snowplow_tracker.self_describing_json.SelfDescribingJson object at 0xffff901d6490>]}
[0m15:57:42.807500 [error] [Thread-1 (]: 6 of 6 ERROR creating sql table model dwh_dwh.fact_trips ....................... [[31mERROR[0m in 0.01s]
[0m15:57:42.807777 [debug] [Thread-1 (]: Finished running node model.taxi_dwh.fact_trips
[0m15:57:42.808007 [debug] [Thread-4 (]: Marking all children of 'model.taxi_dwh.fact_trips' to be skipped because of status 'error'.  Reason: Database Error in model fact_trips (models/dwh/fact_trips.sql)
  column t.pulocationid does not exist
  LINE 47:     on t.PULocationID = z_pickup.zone_id
                  ^
  compiled code at target/run/taxi_dwh/models/dwh/fact_trips.sql.
[0m15:57:42.808791 [debug] [MainThread]: On master: COMMIT
[0m15:57:42.808949 [debug] [MainThread]: Using postgres connection "master"
[0m15:57:42.809072 [debug] [MainThread]: On master: COMMIT
[0m15:57:42.809195 [debug] [MainThread]: Opening a new connection, currently in state closed
[0m15:57:42.812292 [debug] [MainThread]: SQL status: COMMIT in 0.003 seconds
[0m15:57:42.812424 [debug] [MainThread]: On master: Close
[0m15:57:42.812598 [debug] [MainThread]: Connection 'master' was properly closed.
[0m15:57:42.812719 [debug] [MainThread]: Connection 'model.taxi_dwh.fact_trips' was properly closed.
[0m15:57:42.812887 [info ] [MainThread]: 
[0m15:57:42.813089 [info ] [MainThread]: Finished running 6 table models in 0 hours 0 minutes and 0.22 seconds (0.22s).
[0m15:57:42.813628 [debug] [MainThread]: Command end result
[0m15:57:42.827980 [debug] [MainThread]: Wrote artifact WritableManifest to /dbt/target/manifest.json
[0m15:57:42.829300 [debug] [MainThread]: Wrote artifact SemanticManifest to /dbt/target/semantic_manifest.json
[0m15:57:42.830693 [debug] [MainThread]: Wrote artifact OsiDocument to /dbt/target/osi_document.json
[0m15:57:42.833896 [debug] [MainThread]: Wrote artifact RunExecutionResult to /dbt/target/run_results.json
[0m15:57:42.834033 [info ] [MainThread]: 
[0m15:57:42.834216 [info ] [MainThread]: [31mCompleted with 1 error, 0 partial successes, and 0 warnings:[0m
[0m15:57:42.834434 [info ] [MainThread]: 
[0m15:57:42.834639 [error] [MainThread]: [[31mERROR[0m]: in model fact_trips (models/dwh/fact_trips.sql)
[0m15:57:42.834831 [error] [MainThread]:   Database Error in model fact_trips (models/dwh/fact_trips.sql)
  column t.pulocationid does not exist
  LINE 47:     on t.PULocationID = z_pickup.zone_id
                  ^
  compiled code at target/run/taxi_dwh/models/dwh/fact_trips.sql
[0m15:57:42.834996 [info ] [MainThread]: 
[0m15:57:42.835212 [info ] [MainThread]:   compiled code at target/compiled/taxi_dwh/models/dwh/fact_trips.sql
[0m15:57:42.835387 [info ] [MainThread]: 
[0m15:57:42.835586 [info ] [MainThread]: Done. PASS=5 WARN=0 ERROR=1 SKIP=0 NO-OP=0 REUSED=0 TOTAL=6
[0m15:57:42.836085 [debug] [MainThread]: Resource report: {"command_name": "run", "command_success": false, "command_wall_clock_time": 0.61527014, "process_in_blocks": "0", "process_kernel_time": 0.127491, "process_mem_max_rss": "143624", "process_out_blocks": "6368", "process_user_time": 1.096624}
[0m15:57:42.836294 [debug] [MainThread]: Command `dbt run` failed at 15:57:42.836256 after 0.62 seconds
[0m15:57:42.836476 [debug] [MainThread]: Sending event: {'category': 'dbt', 'action': 'invocation', 'label': 'end', 'context': [<snowplow_tracker.self_describing_json.SelfDescribingJson object at 0xffff92c07e90>, <snowplow_tracker.self_describing_json.SelfDescribingJson object at 0xffff92c07d90>, <snowplow_tracker.self_describing_json.SelfDescribingJson object at 0xffff92eb21d0>]}
[0m15:57:42.836644 [debug] [MainThread]: Flushing usage events
[0m15:57:43.809286 [debug] [MainThread]: An error was encountered while trying to flush usage events
[0m16:00:42.943236 [debug] [MainThread]: Sending event: {'category': 'dbt', 'action': 'invocation', 'label': 'start', 'context': [<snowplow_tracker.self_describing_json.SelfDescribingJson object at 0xffffa7546e50>, <snowplow_tracker.self_describing_json.SelfDescribingJson object at 0xffffa76a9f50>, <snowplow_tracker.self_describing_json.SelfDescribingJson object at 0xffffa75431d0>]}


============================== 16:00:42.946088 | 14e4bb0c-0d17-41cd-a717-ff2358479d5b ==============================
[0m16:00:42.946088 [info ] [MainThread]: Running with dbt=1.12.0-b3
[0m16:00:42.946392 [debug] [MainThread]: running dbt with arguments {'log_path': '/dbt/logs', 'write_json': 'True', 'warn_error_options': 'WarnErrorOptionsV2(error=[], warn=[], silence=[])', 'printer_width': '80', 'warn_error': 'None', 'empty': 'False', 'indirect_selection': 'eager', 'debug': 'False', 'invocation_command': 'dbt run', 'log_cache_events': 'False', 'no_print': 'None', 'profiles_dir': '/dbt', 'send_anonymous_usage_stats': 'True', 'partial_parse': 'True', 'version_check': 'True', 'maximum_seed_size_mib': '1', 'introspect': 'True', 'cache_selected_only': 'False', 'fail_fast': 'False', 'use_colors': 'True', 'static_parser': 'True', 'use_experimental_parser': 'False', 'quiet': 'False', 'log_format': 'default', 'target_path': 'None'}
[0m16:00:43.014471 [debug] [MainThread]: Sending event: {'category': 'dbt', 'action': 'project_id', 'label': '14e4bb0c-0d17-41cd-a717-ff2358479d5b', 'context': [<snowplow_tracker.self_describing_json.SelfDescribingJson object at 0xffffa6187dd0>]}
[0m16:00:43.041510 [debug] [MainThread]: Sending event: {'category': 'dbt', 'action': 'adapter_info', 'label': '14e4bb0c-0d17-41cd-a717-ff2358479d5b', 'context': [<snowplow_tracker.self_describing_json.SelfDescribingJson object at 0xffffaadf9d10>]}
[0m16:00:43.042308 [info ] [MainThread]: Registered adapter: postgres=1.10.2
[0m16:00:43.075936 [debug] [MainThread]: checksum: a94b3de0c1a0b393f6f0937846b756c18b9ea7b042fa755d81c5a69b1742e270, vars: {}, profile: taxi_dwh, target: dev, version: 1.12.0b3
[0m16:00:43.142128 [debug] [MainThread]: Partial parsing enabled: 0 files deleted, 0 files added, 1 files changed.
[0m16:00:43.142441 [debug] [MainThread]: Partial parsing: updated file: taxi_dwh://models/dwh/fact_trips.sql
[0m16:00:43.246436 [debug] [MainThread]: Sending event: {'category': 'dbt', 'action': 'load_project', 'label': '14e4bb0c-0d17-41cd-a717-ff2358479d5b', 'context': [<snowplow_tracker.self_describing_json.SelfDescribingJson object at 0xffffa5f6d6d0>]}
[0m16:00:43.276718 [debug] [MainThread]: Wrote artifact WritableManifest to /dbt/target/manifest.json
[0m16:00:43.278111 [debug] [MainThread]: Wrote artifact SemanticManifest to /dbt/target/semantic_manifest.json
[0m16:00:43.283871 [debug] [MainThread]: Wrote artifact OsiDocument to /dbt/target/osi_document.json
[0m16:00:43.290355 [debug] [MainThread]: Sending event: {'category': 'dbt', 'action': 'resource_counts', 'label': '14e4bb0c-0d17-41cd-a717-ff2358479d5b', 'context': [<snowplow_tracker.self_describing_json.SelfDescribingJson object at 0xffffa9e09b10>]}
[0m16:00:43.290595 [info ] [MainThread]: Found 6 models, 475 macros
[0m16:00:43.290799 [debug] [MainThread]: Sending event: {'category': 'dbt', 'action': 'runnable_timing', 'label': '14e4bb0c-0d17-41cd-a717-ff2358479d5b', 'context': [<snowplow_tracker.self_describing_json.SelfDescribingJson object at 0xffffa74233d0>]}
[0m16:00:43.291690 [info ] [MainThread]: 
[0m16:00:43.291887 [info ] [MainThread]: Concurrency: 1 threads (target='dev')
[0m16:00:43.292121 [info ] [MainThread]: 
[0m16:00:43.292456 [debug] [MainThread]: Acquiring new postgres connection 'master'
[0m16:00:43.294335 [debug] [ThreadPool]: Acquiring new postgres connection 'list_taxi_db'
[0m16:00:43.310278 [debug] [ThreadPool]: Using postgres connection "list_taxi_db"
[0m16:00:43.310545 [debug] [ThreadPool]: On list_taxi_db: /* {"app": "dbt", "dbt_version": "1.12.0b3", "profile_name": "taxi_dwh", "target_name": "dev", "connection_name": "list_taxi_db"} */

    select distinct nspname from pg_namespace
  
[0m16:00:43.310728 [debug] [ThreadPool]: Opening a new connection, currently in state init
[0m16:00:43.316549 [debug] [ThreadPool]: SQL status: SELECT 5 in 0.006 seconds
[0m16:00:43.317110 [debug] [ThreadPool]: On list_taxi_db: Close
[0m16:00:43.317506 [debug] [ThreadPool]: Re-using an available connection from the pool (formerly list_taxi_db, now create_taxi_db_dwh_dwh)
[0m16:00:43.317768 [debug] [ThreadPool]: Creating schema "database: "taxi_db"
schema: "dwh_dwh"
"
[0m16:00:43.320016 [debug] [ThreadPool]: Using postgres connection "create_taxi_db_dwh_dwh"
[0m16:00:43.320224 [debug] [ThreadPool]: On create_taxi_db_dwh_dwh: /* {"app": "dbt", "dbt_version": "1.12.0b3", "profile_name": "taxi_dwh", "target_name": "dev", "connection_name": "create_taxi_db_dwh_dwh"} */
create schema if not exists "dwh_dwh"
[0m16:00:43.320411 [debug] [ThreadPool]: Opening a new connection, currently in state closed
[0m16:00:43.323732 [debug] [ThreadPool]: SQL status: CREATE SCHEMA in 0.003 seconds
[0m16:00:43.324137 [debug] [ThreadPool]: On create_taxi_db_dwh_dwh: COMMIT
[0m16:00:43.324327 [debug] [ThreadPool]: Using postgres connection "create_taxi_db_dwh_dwh"
[0m16:00:43.324489 [debug] [ThreadPool]: On create_taxi_db_dwh_dwh: COMMIT
[0m16:00:43.324924 [debug] [ThreadPool]: SQL status: COMMIT in 0.000 seconds
[0m16:00:43.325103 [debug] [ThreadPool]: On create_taxi_db_dwh_dwh: Close
[0m16:00:43.325807 [debug] [ThreadPool]: Re-using an available connection from the pool (formerly create_taxi_db_dwh_dwh, now list_taxi_db_dwh_dwh)
[0m16:00:43.328177 [debug] [ThreadPool]: Using postgres connection "list_taxi_db_dwh_dwh"
[0m16:00:43.328370 [debug] [ThreadPool]: On list_taxi_db_dwh_dwh: /* {"app": "dbt", "dbt_version": "1.12.0b3", "profile_name": "taxi_dwh", "target_name": "dev", "connection_name": "list_taxi_db_dwh_dwh"} */
select
      'taxi_db' as database,
      tablename as name,
      schemaname as schema,
      'table' as type
    from pg_tables
    where schemaname ilike 'dwh_dwh'
    union all
    select
      'taxi_db' as database,
      viewname as name,
      schemaname as schema,
      'view' as type
    from pg_views
    where schemaname ilike 'dwh_dwh'
    union all
    select
      'taxi_db' as database,
      matviewname as name,
      schemaname as schema,
      'materialized_view' as type
    from pg_matviews
    where schemaname ilike 'dwh_dwh'
  
[0m16:00:43.328561 [debug] [ThreadPool]: Opening a new connection, currently in state closed
[0m16:00:43.333006 [debug] [ThreadPool]: SQL status: SELECT 0 in 0.004 seconds
[0m16:00:43.333531 [debug] [ThreadPool]: On list_taxi_db_dwh_dwh: ROLLBACK
[0m16:00:43.333727 [debug] [ThreadPool]: On list_taxi_db_dwh_dwh: Close
[0m16:00:43.335591 [debug] [MainThread]: Using postgres connection "master"
[0m16:00:43.335804 [debug] [MainThread]: On master: /* {"app": "dbt", "dbt_version": "1.12.0b3", "profile_name": "taxi_dwh", "target_name": "dev", "connection_name": "master"} */
select distinct
        dependent_namespace.nspname as dependent_schema,
        dependent_class.relname as dependent_name,
        referenced_namespace.nspname as referenced_schema,
        referenced_class.relname as referenced_name

    -- Query for views: views are entries in pg_class with an entry in pg_rewrite, but we avoid
    -- a seq scan on pg_rewrite by leveraging the fact there is an "internal" row in pg_depend for
    -- the view...
    from pg_class as dependent_class
    join pg_namespace as dependent_namespace on dependent_namespace.oid = dependent_class.relnamespace
    join pg_depend as dependent_depend on dependent_depend.refobjid = dependent_class.oid
        and dependent_depend.classid = 'pg_rewrite'::regclass
        and dependent_depend.refclassid = 'pg_class'::regclass
        and dependent_depend.deptype = 'i'

    -- ... and via pg_depend (that has a row per column, hence the need for "distinct" above, and
    -- making sure to exclude the internal row to avoid a view appearing to depend on itself)...
    join pg_depend as joining_depend on joining_depend.objid = dependent_depend.objid
        and joining_depend.classid = 'pg_rewrite'::regclass
        and joining_depend.refclassid = 'pg_class'::regclass
        and joining_depend.refobjid != dependent_depend.refobjid

    -- ... we can find the tables they query from in pg_class, but excluding system tables. Note we
    -- don't need need to exclude _dependent_ system tables, because they only query from other
    -- system tables, and so are automatically excluded by excluding _referenced_ system tables
    join pg_class as referenced_class on referenced_class.oid = joining_depend.refobjid
    join pg_namespace as referenced_namespace on referenced_namespace.oid = referenced_class.relnamespace
        and referenced_namespace.nspname != 'information_schema'
        and referenced_namespace.nspname not like 'pg\_%'

    order by
        dependent_schema, dependent_name, referenced_schema, referenced_name;
[0m16:00:43.336006 [debug] [MainThread]: Opening a new connection, currently in state init
[0m16:00:43.340469 [debug] [MainThread]: SQL status: SELECT 0 in 0.004 seconds
[0m16:00:43.340935 [debug] [MainThread]: Sending event: {'category': 'dbt', 'action': 'runnable_timing', 'label': '14e4bb0c-0d17-41cd-a717-ff2358479d5b', 'context': [<snowplow_tracker.self_describing_json.SelfDescribingJson object at 0xffffa4228690>]}
[0m16:00:43.341155 [debug] [MainThread]: On master: ROLLBACK
[0m16:00:43.341365 [debug] [MainThread]: On master: COMMIT
[0m16:00:43.341501 [debug] [MainThread]: Using postgres connection "master"
[0m16:00:43.341622 [debug] [MainThread]: On master: COMMIT
[0m16:00:43.341838 [debug] [MainThread]: SQL status: COMMIT in 0.000 seconds
[0m16:00:43.341971 [debug] [MainThread]: On master: Close
[0m16:00:43.344610 [debug] [Thread-1 (]: Began running node model.taxi_dwh.dim_date
[0m16:00:43.344902 [info ] [Thread-1 (]: 1 of 6 START sql table model dwh_dwh.dim_date .................................. [RUN]
[0m16:00:43.345175 [debug] [Thread-1 (]: Re-using an available connection from the pool (formerly list_taxi_db_dwh_dwh, now model.taxi_dwh.dim_date)
[0m16:00:43.345461 [debug] [Thread-1 (]: Began compiling node model.taxi_dwh.dim_date
[0m16:00:43.348366 [debug] [Thread-1 (]: Writing injected SQL for node "model.taxi_dwh.dim_date"
[0m16:00:43.349089 [debug] [Thread-1 (]: Began executing node model.taxi_dwh.dim_date
[0m16:00:43.364350 [debug] [Thread-1 (]: Writing runtime sql for node "model.taxi_dwh.dim_date"
[0m16:00:43.365211 [debug] [Thread-1 (]: Using postgres connection "model.taxi_dwh.dim_date"
[0m16:00:43.365416 [debug] [Thread-1 (]: On model.taxi_dwh.dim_date: /* {"app": "dbt", "dbt_version": "1.12.0b3", "profile_name": "taxi_dwh", "target_name": "dev", "node_id": "model.taxi_dwh.dim_date"} */

  
    

  create  table "taxi_db"."dwh_dwh"."dim_date__dbt_tmp"
  
  
    as
  
  (
    with source as (
    select distinct
        date_trunc('hour', tpep_pickup_datetime) as full_date
    from staging.yellow_trips
)

select
    row_number() over (order by full_date) as date_id,
    full_date,
    extract(year from full_date)::integer as year,
    extract(month from full_date)::integer as month,
    to_char(full_date, 'Month') as month_name,
    extract(day from full_date)::integer as day,
    extract(dow from full_date)::integer as day_of_week,
    to_char(full_date, 'Day') as day_name,
    extract(hour from full_date)::integer as hour,
    case when extract(dow from full_date) in (0, 6) then true else false end as is_weekend
from source
  );
  
[0m16:00:43.365591 [debug] [Thread-1 (]: Opening a new connection, currently in state closed
[0m16:00:43.391343 [debug] [Thread-1 (]: SQL status: SELECT 40 in 0.026 seconds
[0m16:00:43.395509 [debug] [Thread-1 (]: Using postgres connection "model.taxi_dwh.dim_date"
[0m16:00:43.395709 [debug] [Thread-1 (]: On model.taxi_dwh.dim_date: /* {"app": "dbt", "dbt_version": "1.12.0b3", "profile_name": "taxi_dwh", "target_name": "dev", "node_id": "model.taxi_dwh.dim_date"} */
alter table "taxi_db"."dwh_dwh"."dim_date__dbt_tmp" rename to "dim_date"
[0m16:00:43.396047 [debug] [Thread-1 (]: SQL status: ALTER TABLE in 0.000 seconds
[0m16:00:43.402398 [debug] [Thread-1 (]: On model.taxi_dwh.dim_date: COMMIT
[0m16:00:43.402588 [debug] [Thread-1 (]: Using postgres connection "model.taxi_dwh.dim_date"
[0m16:00:43.402742 [debug] [Thread-1 (]: On model.taxi_dwh.dim_date: COMMIT
[0m16:00:43.403223 [debug] [Thread-1 (]: SQL status: COMMIT in 0.000 seconds
[0m16:00:43.405538 [debug] [Thread-1 (]: Applying DROP to: "taxi_db"."dwh_dwh"."dim_date__dbt_backup"
[0m16:00:43.407422 [debug] [Thread-1 (]: Using postgres connection "model.taxi_dwh.dim_date"
[0m16:00:43.407580 [debug] [Thread-1 (]: On model.taxi_dwh.dim_date: /* {"app": "dbt", "dbt_version": "1.12.0b3", "profile_name": "taxi_dwh", "target_name": "dev", "node_id": "model.taxi_dwh.dim_date"} */
drop table if exists "taxi_db"."dwh_dwh"."dim_date__dbt_backup" cascade
[0m16:00:43.407808 [debug] [Thread-1 (]: SQL status: DROP TABLE in 0.000 seconds
[0m16:00:43.408764 [debug] [Thread-1 (]: On model.taxi_dwh.dim_date: Close
[0m16:00:43.409506 [debug] [Thread-1 (]: Sending event: {'category': 'dbt', 'action': 'run_model', 'label': '14e4bb0c-0d17-41cd-a717-ff2358479d5b', 'context': [<snowplow_tracker.self_describing_json.SelfDescribingJson object at 0xffffa41c5b50>]}
[0m16:00:43.409798 [info ] [Thread-1 (]: 1 of 6 OK created sql table model dwh_dwh.dim_date ............................. [[32mSELECT 40[0m in 0.06s]
[0m16:00:43.410079 [debug] [Thread-1 (]: Finished running node model.taxi_dwh.dim_date
[0m16:00:43.410298 [debug] [Thread-1 (]: Began running node model.taxi_dwh.dim_payment
[0m16:00:43.410541 [info ] [Thread-1 (]: 2 of 6 START sql table model dwh_dwh.dim_payment ............................... [RUN]
[0m16:00:43.410762 [debug] [Thread-1 (]: Re-using an available connection from the pool (formerly model.taxi_dwh.dim_date, now model.taxi_dwh.dim_payment)
[0m16:00:43.410915 [debug] [Thread-1 (]: Began compiling node model.taxi_dwh.dim_payment
[0m16:00:43.411712 [debug] [Thread-1 (]: Writing injected SQL for node "model.taxi_dwh.dim_payment"
[0m16:00:43.412210 [debug] [Thread-1 (]: Began executing node model.taxi_dwh.dim_payment
[0m16:00:43.413731 [debug] [Thread-1 (]: Writing runtime sql for node "model.taxi_dwh.dim_payment"
[0m16:00:43.414149 [debug] [Thread-1 (]: Using postgres connection "model.taxi_dwh.dim_payment"
[0m16:00:43.414320 [debug] [Thread-1 (]: On model.taxi_dwh.dim_payment: /* {"app": "dbt", "dbt_version": "1.12.0b3", "profile_name": "taxi_dwh", "target_name": "dev", "node_id": "model.taxi_dwh.dim_payment"} */

  
    

  create  table "taxi_db"."dwh_dwh"."dim_payment__dbt_tmp"
  
  
    as
  
  (
    with source as (
    select distinct
        payment_type as payment_id
    from staging.yellow_trips
)

select
    payment_id,
    case payment_id
        when 1 then 'Credit card'
        when 2 then 'Cash'
        when 3 then 'No charge'
        when 4 then 'Dispute'
        when 5 then 'Unknown'
        when 6 then 'Voided trip'
        else 'Unknown'
    end as payment_name
from source
  );
  
[0m16:00:43.414465 [debug] [Thread-1 (]: Opening a new connection, currently in state closed
[0m16:00:43.427565 [debug] [Thread-1 (]: SQL status: SELECT 4 in 0.013 seconds
[0m16:00:43.429071 [debug] [Thread-1 (]: Using postgres connection "model.taxi_dwh.dim_payment"
[0m16:00:43.429245 [debug] [Thread-1 (]: On model.taxi_dwh.dim_payment: /* {"app": "dbt", "dbt_version": "1.12.0b3", "profile_name": "taxi_dwh", "target_name": "dev", "node_id": "model.taxi_dwh.dim_payment"} */
alter table "taxi_db"."dwh_dwh"."dim_payment__dbt_tmp" rename to "dim_payment"
[0m16:00:43.429541 [debug] [Thread-1 (]: SQL status: ALTER TABLE in 0.000 seconds
[0m16:00:43.430050 [debug] [Thread-1 (]: On model.taxi_dwh.dim_payment: COMMIT
[0m16:00:43.430206 [debug] [Thread-1 (]: Using postgres connection "model.taxi_dwh.dim_payment"
[0m16:00:43.430355 [debug] [Thread-1 (]: On model.taxi_dwh.dim_payment: COMMIT
[0m16:00:43.430701 [debug] [Thread-1 (]: SQL status: COMMIT in 0.000 seconds
[0m16:00:43.431651 [debug] [Thread-1 (]: Applying DROP to: "taxi_db"."dwh_dwh"."dim_payment__dbt_backup"
[0m16:00:43.431895 [debug] [Thread-1 (]: Using postgres connection "model.taxi_dwh.dim_payment"
[0m16:00:43.432037 [debug] [Thread-1 (]: On model.taxi_dwh.dim_payment: /* {"app": "dbt", "dbt_version": "1.12.0b3", "profile_name": "taxi_dwh", "target_name": "dev", "node_id": "model.taxi_dwh.dim_payment"} */
drop table if exists "taxi_db"."dwh_dwh"."dim_payment__dbt_backup" cascade
[0m16:00:43.432259 [debug] [Thread-1 (]: SQL status: DROP TABLE in 0.000 seconds
[0m16:00:43.432796 [debug] [Thread-1 (]: On model.taxi_dwh.dim_payment: Close
[0m16:00:43.433052 [debug] [Thread-1 (]: Sending event: {'category': 'dbt', 'action': 'run_model', 'label': '14e4bb0c-0d17-41cd-a717-ff2358479d5b', 'context': [<snowplow_tracker.self_describing_json.SelfDescribingJson object at 0xffffa4100b90>]}
[0m16:00:43.433331 [info ] [Thread-1 (]: 2 of 6 OK created sql table model dwh_dwh.dim_payment .......................... [[32mSELECT 4[0m in 0.02s]
[0m16:00:43.433620 [debug] [Thread-1 (]: Finished running node model.taxi_dwh.dim_payment
[0m16:00:43.433835 [debug] [Thread-1 (]: Began running node model.taxi_dwh.dim_ratecode
[0m16:00:43.434067 [info ] [Thread-1 (]: 3 of 6 START sql table model dwh_dwh.dim_ratecode .............................. [RUN]
[0m16:00:43.434282 [debug] [Thread-1 (]: Re-using an available connection from the pool (formerly model.taxi_dwh.dim_payment, now model.taxi_dwh.dim_ratecode)
[0m16:00:43.434443 [debug] [Thread-1 (]: Began compiling node model.taxi_dwh.dim_ratecode
[0m16:00:43.435179 [debug] [Thread-1 (]: Writing injected SQL for node "model.taxi_dwh.dim_ratecode"
[0m16:00:43.435643 [debug] [Thread-1 (]: Began executing node model.taxi_dwh.dim_ratecode
[0m16:00:43.437658 [debug] [Thread-1 (]: Writing runtime sql for node "model.taxi_dwh.dim_ratecode"
[0m16:00:43.438041 [debug] [Thread-1 (]: Using postgres connection "model.taxi_dwh.dim_ratecode"
[0m16:00:43.438205 [debug] [Thread-1 (]: On model.taxi_dwh.dim_ratecode: /* {"app": "dbt", "dbt_version": "1.12.0b3", "profile_name": "taxi_dwh", "target_name": "dev", "node_id": "model.taxi_dwh.dim_ratecode"} */

  
    

  create  table "taxi_db"."dwh_dwh"."dim_ratecode__dbt_tmp"
  
  
    as
  
  (
    with source as (
    select distinct
        "RatecodeID" as ratecode_id
    from staging.yellow_trips
)

select
    ratecode_id,
    case ratecode_id
        when 1 then 'Standard rate'
        when 2 then 'JFK'
        when 3 then 'Newark'
        when 4 then 'Nassau or Westchester'
        when 5 then 'Negotiated fare'
        when 6 then 'Group ride'
        else 'Unknown'
    end as ratecode_name
from source
  );
  
[0m16:00:43.438388 [debug] [Thread-1 (]: Opening a new connection, currently in state closed
[0m16:00:43.450415 [debug] [Thread-1 (]: SQL status: SELECT 6 in 0.012 seconds
[0m16:00:43.451899 [debug] [Thread-1 (]: Using postgres connection "model.taxi_dwh.dim_ratecode"
[0m16:00:43.452059 [debug] [Thread-1 (]: On model.taxi_dwh.dim_ratecode: /* {"app": "dbt", "dbt_version": "1.12.0b3", "profile_name": "taxi_dwh", "target_name": "dev", "node_id": "model.taxi_dwh.dim_ratecode"} */
alter table "taxi_db"."dwh_dwh"."dim_ratecode__dbt_tmp" rename to "dim_ratecode"
[0m16:00:43.452340 [debug] [Thread-1 (]: SQL status: ALTER TABLE in 0.000 seconds
[0m16:00:43.452817 [debug] [Thread-1 (]: On model.taxi_dwh.dim_ratecode: COMMIT
[0m16:00:43.452970 [debug] [Thread-1 (]: Using postgres connection "model.taxi_dwh.dim_ratecode"
[0m16:00:43.453108 [debug] [Thread-1 (]: On model.taxi_dwh.dim_ratecode: COMMIT
[0m16:00:43.453431 [debug] [Thread-1 (]: SQL status: COMMIT in 0.000 seconds
[0m16:00:43.454332 [debug] [Thread-1 (]: Applying DROP to: "taxi_db"."dwh_dwh"."dim_ratecode__dbt_backup"
[0m16:00:43.454573 [debug] [Thread-1 (]: Using postgres connection "model.taxi_dwh.dim_ratecode"
[0m16:00:43.454727 [debug] [Thread-1 (]: On model.taxi_dwh.dim_ratecode: /* {"app": "dbt", "dbt_version": "1.12.0b3", "profile_name": "taxi_dwh", "target_name": "dev", "node_id": "model.taxi_dwh.dim_ratecode"} */
drop table if exists "taxi_db"."dwh_dwh"."dim_ratecode__dbt_backup" cascade
[0m16:00:43.454938 [debug] [Thread-1 (]: SQL status: DROP TABLE in 0.000 seconds
[0m16:00:43.455409 [debug] [Thread-1 (]: On model.taxi_dwh.dim_ratecode: Close
[0m16:00:43.455675 [debug] [Thread-1 (]: Sending event: {'category': 'dbt', 'action': 'run_model', 'label': '14e4bb0c-0d17-41cd-a717-ff2358479d5b', 'context': [<snowplow_tracker.self_describing_json.SelfDescribingJson object at 0xffffa41136d0>]}
[0m16:00:43.455941 [info ] [Thread-1 (]: 3 of 6 OK created sql table model dwh_dwh.dim_ratecode ......................... [[32mSELECT 6[0m in 0.02s]
[0m16:00:43.456263 [debug] [Thread-1 (]: Finished running node model.taxi_dwh.dim_ratecode
[0m16:00:43.456453 [debug] [Thread-1 (]: Began running node model.taxi_dwh.dim_vendor
[0m16:00:43.456679 [info ] [Thread-1 (]: 4 of 6 START sql table model dwh_dwh.dim_vendor ................................ [RUN]
[0m16:00:43.456897 [debug] [Thread-1 (]: Re-using an available connection from the pool (formerly model.taxi_dwh.dim_ratecode, now model.taxi_dwh.dim_vendor)
[0m16:00:43.457059 [debug] [Thread-1 (]: Began compiling node model.taxi_dwh.dim_vendor
[0m16:00:43.457902 [debug] [Thread-1 (]: Writing injected SQL for node "model.taxi_dwh.dim_vendor"
[0m16:00:43.458352 [debug] [Thread-1 (]: Began executing node model.taxi_dwh.dim_vendor
[0m16:00:43.459821 [debug] [Thread-1 (]: Writing runtime sql for node "model.taxi_dwh.dim_vendor"
[0m16:00:43.460215 [debug] [Thread-1 (]: Using postgres connection "model.taxi_dwh.dim_vendor"
[0m16:00:43.460369 [debug] [Thread-1 (]: On model.taxi_dwh.dim_vendor: /* {"app": "dbt", "dbt_version": "1.12.0b3", "profile_name": "taxi_dwh", "target_name": "dev", "node_id": "model.taxi_dwh.dim_vendor"} */

  
    

  create  table "taxi_db"."dwh_dwh"."dim_vendor__dbt_tmp"
  
  
    as
  
  (
    with source as (
    select distinct
        "VendorID" as vendor_id
    from staging.yellow_trips
)

select
    vendor_id,
    case vendor_id
        when 1 then 'Creative Mobile Technologies'
        when 2 then 'Curb Mobility'
        when 6 then 'Myle Technologies Inc'
        when 7 then 'Helix'
        else 'Unknown'
    end as vendor_name
from source
  );
  
[0m16:00:43.460526 [debug] [Thread-1 (]: Opening a new connection, currently in state closed
[0m16:00:43.472034 [debug] [Thread-1 (]: SQL status: SELECT 3 in 0.011 seconds
[0m16:00:43.473469 [debug] [Thread-1 (]: Using postgres connection "model.taxi_dwh.dim_vendor"
[0m16:00:43.473636 [debug] [Thread-1 (]: On model.taxi_dwh.dim_vendor: /* {"app": "dbt", "dbt_version": "1.12.0b3", "profile_name": "taxi_dwh", "target_name": "dev", "node_id": "model.taxi_dwh.dim_vendor"} */
alter table "taxi_db"."dwh_dwh"."dim_vendor__dbt_tmp" rename to "dim_vendor"
[0m16:00:43.473918 [debug] [Thread-1 (]: SQL status: ALTER TABLE in 0.000 seconds
[0m16:00:43.474416 [debug] [Thread-1 (]: On model.taxi_dwh.dim_vendor: COMMIT
[0m16:00:43.474562 [debug] [Thread-1 (]: Using postgres connection "model.taxi_dwh.dim_vendor"
[0m16:00:43.474712 [debug] [Thread-1 (]: On model.taxi_dwh.dim_vendor: COMMIT
[0m16:00:43.475059 [debug] [Thread-1 (]: SQL status: COMMIT in 0.000 seconds
[0m16:00:43.475970 [debug] [Thread-1 (]: Applying DROP to: "taxi_db"."dwh_dwh"."dim_vendor__dbt_backup"
[0m16:00:43.476225 [debug] [Thread-1 (]: Using postgres connection "model.taxi_dwh.dim_vendor"
[0m16:00:43.476378 [debug] [Thread-1 (]: On model.taxi_dwh.dim_vendor: /* {"app": "dbt", "dbt_version": "1.12.0b3", "profile_name": "taxi_dwh", "target_name": "dev", "node_id": "model.taxi_dwh.dim_vendor"} */
drop table if exists "taxi_db"."dwh_dwh"."dim_vendor__dbt_backup" cascade
[0m16:00:43.476603 [debug] [Thread-1 (]: SQL status: DROP TABLE in 0.000 seconds
[0m16:00:43.477067 [debug] [Thread-1 (]: On model.taxi_dwh.dim_vendor: Close
[0m16:00:43.477324 [debug] [Thread-1 (]: Sending event: {'category': 'dbt', 'action': 'run_model', 'label': '14e4bb0c-0d17-41cd-a717-ff2358479d5b', 'context': [<snowplow_tracker.self_describing_json.SelfDescribingJson object at 0xffffa412f390>]}
[0m16:00:43.477597 [info ] [Thread-1 (]: 4 of 6 OK created sql table model dwh_dwh.dim_vendor ........................... [[32mSELECT 3[0m in 0.02s]
[0m16:00:43.477898 [debug] [Thread-1 (]: Finished running node model.taxi_dwh.dim_vendor
[0m16:00:43.478105 [debug] [Thread-1 (]: Began running node model.taxi_dwh.dim_zone
[0m16:00:43.478370 [info ] [Thread-1 (]: 5 of 6 START sql table model dwh_dwh.dim_zone .................................. [RUN]
[0m16:00:43.478595 [debug] [Thread-1 (]: Re-using an available connection from the pool (formerly model.taxi_dwh.dim_vendor, now model.taxi_dwh.dim_zone)
[0m16:00:43.478759 [debug] [Thread-1 (]: Began compiling node model.taxi_dwh.dim_zone
[0m16:00:43.479606 [debug] [Thread-1 (]: Writing injected SQL for node "model.taxi_dwh.dim_zone"
[0m16:00:43.480032 [debug] [Thread-1 (]: Began executing node model.taxi_dwh.dim_zone
[0m16:00:43.481282 [debug] [Thread-1 (]: Writing runtime sql for node "model.taxi_dwh.dim_zone"
[0m16:00:43.481669 [debug] [Thread-1 (]: Using postgres connection "model.taxi_dwh.dim_zone"
[0m16:00:43.481811 [debug] [Thread-1 (]: On model.taxi_dwh.dim_zone: /* {"app": "dbt", "dbt_version": "1.12.0b3", "profile_name": "taxi_dwh", "target_name": "dev", "node_id": "model.taxi_dwh.dim_zone"} */

  
    

  create  table "taxi_db"."dwh_dwh"."dim_zone__dbt_tmp"
  
  
    as
  
  (
    with source as (
    select
        "LocationID" as zone_id,
        "Borough" as borough,
        "Zone" as zone_name,
        service_zone
    from staging.taxi_zones
)

select * from source
  );
  
[0m16:00:43.481946 [debug] [Thread-1 (]: Opening a new connection, currently in state closed
[0m16:00:43.486219 [debug] [Thread-1 (]: SQL status: SELECT 265 in 0.004 seconds
[0m16:00:43.487462 [debug] [Thread-1 (]: Using postgres connection "model.taxi_dwh.dim_zone"
[0m16:00:43.487606 [debug] [Thread-1 (]: On model.taxi_dwh.dim_zone: /* {"app": "dbt", "dbt_version": "1.12.0b3", "profile_name": "taxi_dwh", "target_name": "dev", "node_id": "model.taxi_dwh.dim_zone"} */
alter table "taxi_db"."dwh_dwh"."dim_zone__dbt_tmp" rename to "dim_zone"
[0m16:00:43.487860 [debug] [Thread-1 (]: SQL status: ALTER TABLE in 0.000 seconds
[0m16:00:43.488328 [debug] [Thread-1 (]: On model.taxi_dwh.dim_zone: COMMIT
[0m16:00:43.488475 [debug] [Thread-1 (]: Using postgres connection "model.taxi_dwh.dim_zone"
[0m16:00:43.488595 [debug] [Thread-1 (]: On model.taxi_dwh.dim_zone: COMMIT
[0m16:00:43.488896 [debug] [Thread-1 (]: SQL status: COMMIT in 0.000 seconds
[0m16:00:43.490546 [debug] [Thread-1 (]: Applying DROP to: "taxi_db"."dwh_dwh"."dim_zone__dbt_backup"
[0m16:00:43.490893 [debug] [Thread-1 (]: Using postgres connection "model.taxi_dwh.dim_zone"
[0m16:00:43.491034 [debug] [Thread-1 (]: On model.taxi_dwh.dim_zone: /* {"app": "dbt", "dbt_version": "1.12.0b3", "profile_name": "taxi_dwh", "target_name": "dev", "node_id": "model.taxi_dwh.dim_zone"} */
drop table if exists "taxi_db"."dwh_dwh"."dim_zone__dbt_backup" cascade
[0m16:00:43.491260 [debug] [Thread-1 (]: SQL status: DROP TABLE in 0.000 seconds
[0m16:00:43.491767 [debug] [Thread-1 (]: On model.taxi_dwh.dim_zone: Close
[0m16:00:43.492014 [debug] [Thread-1 (]: Sending event: {'category': 'dbt', 'action': 'run_model', 'label': '14e4bb0c-0d17-41cd-a717-ff2358479d5b', 'context': [<snowplow_tracker.self_describing_json.SelfDescribingJson object at 0xffffa4180a90>]}
[0m16:00:43.492284 [info ] [Thread-1 (]: 5 of 6 OK created sql table model dwh_dwh.dim_zone ............................. [[32mSELECT 265[0m in 0.01s]
[0m16:00:43.492588 [debug] [Thread-1 (]: Finished running node model.taxi_dwh.dim_zone
[0m16:00:43.492902 [debug] [Thread-1 (]: Began running node model.taxi_dwh.fact_trips
[0m16:00:43.493158 [info ] [Thread-1 (]: 6 of 6 START sql table model dwh_dwh.fact_trips ................................ [RUN]
[0m16:00:43.493373 [debug] [Thread-1 (]: Re-using an available connection from the pool (formerly model.taxi_dwh.dim_zone, now model.taxi_dwh.fact_trips)
[0m16:00:43.493548 [debug] [Thread-1 (]: Began compiling node model.taxi_dwh.fact_trips
[0m16:00:43.494869 [debug] [Thread-1 (]: Writing injected SQL for node "model.taxi_dwh.fact_trips"
[0m16:00:43.495278 [debug] [Thread-1 (]: Began executing node model.taxi_dwh.fact_trips
[0m16:00:43.496526 [debug] [Thread-1 (]: Writing runtime sql for node "model.taxi_dwh.fact_trips"
[0m16:00:43.496920 [debug] [Thread-1 (]: Using postgres connection "model.taxi_dwh.fact_trips"
[0m16:00:43.497090 [debug] [Thread-1 (]: On model.taxi_dwh.fact_trips: /* {"app": "dbt", "dbt_version": "1.12.0b3", "profile_name": "taxi_dwh", "target_name": "dev", "node_id": "model.taxi_dwh.fact_trips"} */

  
    

  create  table "taxi_db"."dwh_dwh"."fact_trips__dbt_tmp"
  
  
    as
  
  (
    with trips as (
    select * from staging.yellow_trips
),

dates as (
    select * from "taxi_db"."dwh_dwh"."dim_date"
),

zones as (
    select * from "taxi_db"."dwh_dwh"."dim_zone"
)

select
    row_number() over () as trip_id,
    d_pickup.date_id as pickup_date_id,
    d_dropoff.date_id as dropoff_date_id,
    z_pickup.zone_id as pickup_zone_id,
    z_dropoff.zone_id as dropoff_zone_id,
    t."VendorID" as vendor_id,
    t.payment_type as payment_id,
    t."RatecodeID" as ratecode_id,
    t.passenger_count,
    t.trip_distance,
    extract(epoch from (t.tpep_dropoff_datetime - t.tpep_pickup_datetime)) / 60 as trip_duration_minutes,
    t.fare_amount,
    t.tip_amount,
    t.tolls_amount,
    t.total_amount,
    t.congestion_surcharge
from trips t
left join dates d_pickup
    on date_trunc('hour', t.tpep_pickup_datetime) = d_pickup.full_date
left join dates d_dropoff
    on date_trunc('hour', t.tpep_dropoff_datetime) = d_dropoff.full_date
left join zones z_pickup
    on t."PULocationID" = z_pickup.zone_id
left join zones z_dropoff
    on t."DOLocationID" = z_dropoff.zone_id
  );
  
[0m16:00:43.497247 [debug] [Thread-1 (]: Opening a new connection, currently in state closed
[0m16:00:43.883929 [debug] [Thread-1 (]: SQL status: SELECT 100000 in 0.387 seconds
[0m16:00:43.885641 [debug] [Thread-1 (]: Using postgres connection "model.taxi_dwh.fact_trips"
[0m16:00:43.885873 [debug] [Thread-1 (]: On model.taxi_dwh.fact_trips: /* {"app": "dbt", "dbt_version": "1.12.0b3", "profile_name": "taxi_dwh", "target_name": "dev", "node_id": "model.taxi_dwh.fact_trips"} */
alter table "taxi_db"."dwh_dwh"."fact_trips__dbt_tmp" rename to "fact_trips"
[0m16:00:43.886246 [debug] [Thread-1 (]: SQL status: ALTER TABLE in 0.000 seconds
[0m16:00:43.886839 [debug] [Thread-1 (]: On model.taxi_dwh.fact_trips: COMMIT
[0m16:00:43.887017 [debug] [Thread-1 (]: Using postgres connection "model.taxi_dwh.fact_trips"
[0m16:00:43.887167 [debug] [Thread-1 (]: On model.taxi_dwh.fact_trips: COMMIT
[0m16:00:43.890492 [debug] [Thread-1 (]: SQL status: COMMIT in 0.003 seconds
[0m16:00:43.891556 [debug] [Thread-1 (]: Applying DROP to: "taxi_db"."dwh_dwh"."fact_trips__dbt_backup"
[0m16:00:43.891805 [debug] [Thread-1 (]: Using postgres connection "model.taxi_dwh.fact_trips"
[0m16:00:43.891947 [debug] [Thread-1 (]: On model.taxi_dwh.fact_trips: /* {"app": "dbt", "dbt_version": "1.12.0b3", "profile_name": "taxi_dwh", "target_name": "dev", "node_id": "model.taxi_dwh.fact_trips"} */
drop table if exists "taxi_db"."dwh_dwh"."fact_trips__dbt_backup" cascade
[0m16:00:43.892246 [debug] [Thread-1 (]: SQL status: DROP TABLE in 0.000 seconds
[0m16:00:43.892835 [debug] [Thread-1 (]: On model.taxi_dwh.fact_trips: Close
[0m16:00:43.893153 [debug] [Thread-1 (]: Sending event: {'category': 'dbt', 'action': 'run_model', 'label': '14e4bb0c-0d17-41cd-a717-ff2358479d5b', 'context': [<snowplow_tracker.self_describing_json.SelfDescribingJson object at 0xffffa41825d0>]}
[0m16:00:43.893524 [info ] [Thread-1 (]: 6 of 6 OK created sql table model dwh_dwh.fact_trips ........................... [[32mSELECT 100000[0m in 0.40s]
[0m16:00:43.893998 [debug] [Thread-1 (]: Finished running node model.taxi_dwh.fact_trips
[0m16:00:43.895006 [debug] [MainThread]: On master: COMMIT
[0m16:00:43.895304 [debug] [MainThread]: Using postgres connection "master"
[0m16:00:43.895526 [debug] [MainThread]: On master: COMMIT
[0m16:00:43.895756 [debug] [MainThread]: Opening a new connection, currently in state closed
[0m16:00:43.900329 [debug] [MainThread]: SQL status: COMMIT in 0.005 seconds
[0m16:00:43.900512 [debug] [MainThread]: On master: Close
[0m16:00:43.900718 [debug] [MainThread]: Connection 'master' was properly closed.
[0m16:00:43.900856 [debug] [MainThread]: Connection 'model.taxi_dwh.fact_trips' was properly closed.
[0m16:00:43.901062 [info ] [MainThread]: 
[0m16:00:43.901353 [info ] [MainThread]: Finished running 6 table models in 0 hours 0 minutes and 0.61 seconds (0.61s).
[0m16:00:43.902007 [debug] [MainThread]: Command end result
[0m16:00:43.918151 [debug] [MainThread]: Wrote artifact WritableManifest to /dbt/target/manifest.json
[0m16:00:43.919639 [debug] [MainThread]: Wrote artifact SemanticManifest to /dbt/target/semantic_manifest.json
[0m16:00:43.921064 [debug] [MainThread]: Wrote artifact OsiDocument to /dbt/target/osi_document.json
[0m16:00:43.924224 [debug] [MainThread]: Wrote artifact RunExecutionResult to /dbt/target/run_results.json
[0m16:00:43.924358 [info ] [MainThread]: 
[0m16:00:43.924574 [info ] [MainThread]: [32mCompleted successfully[0m
[0m16:00:43.924747 [info ] [MainThread]: 
[0m16:00:43.924951 [info ] [MainThread]: Done. PASS=6 WARN=0 ERROR=0 SKIP=0 NO-OP=0 REUSED=0 TOTAL=6
[0m16:00:43.925498 [debug] [MainThread]: Resource report: {"command_name": "run", "command_success": true, "command_wall_clock_time": 1.0112035, "process_in_blocks": "0", "process_kernel_time": 0.142685, "process_mem_max_rss": "143496", "process_out_blocks": "6368", "process_user_time": 1.108554}
[0m16:00:43.925718 [debug] [MainThread]: Command `dbt run` succeeded at 16:00:43.925674 after 1.01 seconds
[0m16:00:43.925895 [debug] [MainThread]: Sending event: {'category': 'dbt', 'action': 'invocation', 'label': 'end', 'context': [<snowplow_tracker.self_describing_json.SelfDescribingJson object at 0xffffa7687710>, <snowplow_tracker.self_describing_json.SelfDescribingJson object at 0xffffa75541d0>, <snowplow_tracker.self_describing_json.SelfDescribingJson object at 0xffffa7627e90>]}
[0m16:00:43.926069 [debug] [MainThread]: Flushing usage events
[0m16:00:45.787467 [debug] [MainThread]: An error was encountered while trying to flush usage events
